negatives,gamma,n,z_mean,z_sd,FPR_z4
human baselines,0.1,1000,0.016499158227686113,1.1008860068145114,0.0
human baselines,0.25,1000,0.09193751501246196,1.0749515461948351,0.0
human baselines,0.5,1000,-0.19742421330728405,1.0432179446309384,0.0
human baselines,0.75,1000,-0.2488681578667709,1.1034180108493183,0.0
human baselines,0.9,1000,-0.012492219800962342,1.0609793955481783,0.0
delta = 0 generations,0.1,500,-0.05669936048291535,1.3396142642902178,0.002
delta = 0 generations,0.25,500,-0.010898393243442939,1.3261929947895787,0.002
delta = 0 generations,0.5,500,-0.37269033875944807,1.2675794054292242,0.002
delta = 0 generations,0.75,500,-0.4989468175267766,1.3475445673298192,0.0
delta = 0 generations,0.9,500,-0.16818852998465694,1.3453385563319724,0.0
