gamma,delta,n,observed,bound_paper,bound_corrected,paper_valid,corrected_valid,gap_paper,gap_corrected,seq_below_paper,seq_below_corrected
0.1,1.0,100,0.185821317568203,0.1720525478312667,0.17476315569690695,True,True,0.013768769736936304,0.011058161871296046,0.37,0.43
0.1,2.0,100,0.32854999999999995,0.26373582355096725,0.24717773346042055,True,True,0.0648141764490327,0.08137226653957941,0.09,0.04
0.1,5.0,100,0.7920876884422108,0.356018509615622,0.2529720177541171,True,True,0.4360691788265888,0.5391156706880937,0.0,0.0
0.1,10.0,100,0.9838499999999999,0.3139864703143894,0.21807538905319138,True,True,0.6698635296856105,0.7657746109468085,0.0,0.0
0.25,0.5,100,0.3291683808255237,0.3118094126187588,0.31433049833740734,True,True,0.017358968206764913,0.01483788248811635,0.38,0.4
0.25,1.0,300,0.4082192307692308,0.377034061129082,0.37466148506177566,True,True,0.03118516964014878,0.03355774570745512,0.27,0.25666666666666665
0.25,2.0,300,0.5893273869346733,0.48822034455434166,0.44844118120916115,True,True,0.10110704238033169,0.1408862057255122,0.016666666666666666,0.0033333333333333335
0.25,5.0,300,0.9014000000000001,0.5588712731931624,0.45099146791825984,True,True,0.34252872680683766,0.45040853208174025,0.0,0.0
0.25,10.0,100,0.9916000000000001,0.5310740178851109,0.42648411495709654,True,True,0.46052598211488927,0.5651158850429037,0.0,0.0
0.5,0.5,100,0.585806783919598,0.5754900227118482,0.5759083248476032,True,True,0.010316761207749714,0.009898459071994714,0.4,0.4
0.5,1.0,300,0.6614390831390831,0.6367729642050264,0.627844742239796,True,True,0.02466611893405668,0.033594340899287034,0.26666666666666666,0.19
0.5,2.0,497,0.79169373725819,0.716024091880047,0.6749489997107504,True,True,0.07566964537814302,0.11674473754743964,0.014084507042253521,0.002012072434607646
0.5,5.0,300,0.9481388408285413,0.762365686025288,0.6831803352228685,True,True,0.1857731548032533,0.2649585056056728,0.0,0.0
0.5,10.0,100,0.9966918367346937,0.7419902047576948,0.6653322261168136,True,True,0.2547016319769989,0.3313596106178801,0.0,0.0
0.75,1.0,100,0.8508410718602161,0.8362290505820889,0.8283309650870732,True,True,0.014612021278127219,0.022510106773142913,0.27,0.2
0.75,2.0,100,0.9133409090909091,0.8747239285115165,0.85085376557931,True,True,0.03861698057939267,0.06248714351159912,0.04,0.0
0.75,5.0,100,0.9785172882672885,0.895244480637117,0.8558674159615458,True,True,0.08327280763017142,0.12264987230574265,0.0,0.0
0.75,10.0,100,0.9978,0.8960520762687081,0.8552847025791219,True,True,0.10174792373129193,0.1425152974208781,0.0,0.0
0.9,1.0,100,0.9463431472081217,0.9370984968209011,0.9335730617539645,True,True,0.009244650387220665,0.012770085454157254,0.32,0.24
0.9,2.0,100,0.9700862082362083,0.9527330493188803,0.9429061790892758,True,True,0.017353158917328027,0.027180029146932516,0.09,0.03
0.9,5.0,100,0.9903,0.9604442404979027,0.9449000864854217,True,True,0.02985575950209729,0.04539991351457828,0.02,0.0
0.9,10.0,100,0.9997,0.960436487833893,0.9444639844918471,True,True,0.03926351216610702,0.055236015508152936,0.0,0.0
