domain,model,gamma,delta,n,n_neg,T_mean,S_paper,S_sampled,H,H_nowm,z_mean,z_mean_nowm,TPR_z4,FPR_z4,TPR_1pctFPR,thr_1pctFPR,green_frac,pred_paper,pred_corrected,seq_below_paper,seq_below_corrected,tokens_to_z4_median,never_z4,neg_ever_z4,z_norep_mean,z_norep_mean_nowm,TPR_z4_norep,FPR_z4_norep,TPR_1pctFPR_norep,thr_1pctFPR_norep,tokens_to_z4_norep_median,never_z4_norep,TPR_z4_lo,TPR_z4_hi,TPR_1pct_lo,TPR_1pct_hi,TPR_1pct_norep_lo,TPR_1pct_norep_hi,never_lo,never_hi,tokens_med_lo,tokens_med_hi,tokens_med_norep_lo,tokens_med_norep_hi,PPL_mean,PPL_mean_nowm,EM_nowm,EM_wm,F1_nowm,F1_wm,EM_nowm_lo,EM_nowm_hi,EM_wm_lo,EM_wm_hi
news,opt,0.25,2.0,200,200,180.06,0.6945640814793609,0.5315940767728553,2.397509108160702,2.4119828120816713,10.306435575022698,0.030734959197509813,0.975,0.0,0.99,3.265986323710904,0.584127766296226,0.4936033755985821,0.4531231048320366,0.04,0.025,24.0,0.01,0.005,8.841445039897827,-0.015167966947478578,0.975,0.0,0.99,3.1155640783671354,25.0,0.01,0.9428208558483829,0.9892754385292123,0.9642775148038205,0.9972533993962251,0.9642775148038205,0.9972533993962251,0.0027466006037749346,0.03572248519617954,20.0,27.0,21.0,30.0,6.88775187900774,5.203957717984314,,,,,,,,
code,opt,0.25,2.0,164,164,191.79268292682926,0.4533216220101042,0.3488456147247438,0.7378871589136439,0.6634140533032852,3.7618287990467336,-2.881081316353705,0.4634146341463415,0.006097560975609756,0.524390243902439,2.6127890589687235,0.37226830378009235,0.3257396558658648,0.30000316342478395,0.40853658536585363,0.32926829268292684,188.0,0.49390243902439024,0.006097560975609756,2.4764050991464157,-0.4507666043667914,0.23170731707317074,0.0,0.6158536585365854,1.6823164622761329,inf,0.7012195121951219,0.38880582103905165,0.5396981970351327,0.4482756736270585,0.5993883143234853,0.5395685174357432,0.68683542532934,0.41840318712886326,0.5696808158835007,135.0,inf,inf,inf,,,,,,,,,,
qa,opt,0.5,2.0,500,500,16.0,0.7711518251597881,0.7711518251597881,2.14246502535354,2.0594246003365333,1.432,-0.414,0.0,0.0,0.518,1.0,0.679,0.6792282742780523,0.6792282742780523,0.576,0.576,inf,0.99,0.0,1.3318813301504948,-0.37783010911587384,0.0,0.0,0.698,0.7071067811865475,inf,1.0,0.0,0.007624618530903363,0.4742313107295171,0.5614942030033705,0.6563715243917267,0.7366091266700354,0.976806564621235,0.9957213092184797,inf,inf,inf,inf,,,0.0,0.004,0.0020909090909090908,0.028072860472860475,0.0,0.007624618530903363,0.0010976075412372681,0.014466014041418871
news,qwen,0.25,2.0,198,198,175.52020202020202,0.7091937587799259,0.5452251803362843,2.4801817196007163,2.5187368189987014,10.491256541109816,0.055895808497018896,0.9747474747474747,0.0,0.9949494949494949,3.0792939583695613,0.5969136035606625,0.5055040250859102,0.4664037471432847,0.030303030303030304,0.005050505050505051,25.0,0.015151515151515152,0.005050505050505051,9.202574134669666,0.1501166115831708,0.9696969696969697,0.0,0.9949494949494949,2.781090303610467,25.0,0.020202020202020204,0.9422568193468797,0.9891666334993126,0.9719505656258638,0.999107927766975,0.9719505656258638,0.999107927766975,0.0051659353880439615,0.04359309149244053,24.0,27.0,24.0,27.0,,,,,,,,,,
code,qwen,0.25,2.0,164,164,131.8658536585366,0.46240344506749653,0.3619276972267593,0.6830696982495504,0.5848529705576682,3.353374288733069,0.015885780643504693,0.32926829268292684,0.018292682926829267,0.24390243902439024,4.735680169380811,0.38208023456760454,0.34227858391765503,0.3202345750958577,0.27439024390243905,0.2073170731707317,inf,0.5975609756097561,0.03048780487804878,2.3219869856206192,-0.10259388335659612,0.15853658536585366,0.0,0.5121951219512195,2.0548046676563256,inf,0.725609756097561,0.26197101765012754,0.40438106669606555,0.18453161180997218,0.3149965147093174,0.4362936742169253,0.5875383197583467,0.5211040282086635,0.6695519235935118,inf,inf,inf,inf,,,,,,,,,,
qa,qwen,0.5,2.0,500,500,5.49,0.7708605836432271,0.7708605836432271,1.7652193788719313,1.7411952248636486,1.183268437806246,-0.235766900412009,0.0,0.0,0.142,1.8973665961010275,0.7873681041181042,0.7011742181918293,0.7011742181918293,0.248,0.248,inf,0.998,0.0,1.1586149374987944,-0.19738900157680364,0.0,0.0,0.156,1.7320508075688774,inf,1.0,0.0,0.007624618530903363,0.1141288975465133,0.17533032932161352,0.12683030337229503,0.19041543417696646,0.9887590072528046,0.9996468726904154,inf,inf,inf,inf,,,0.072,0.07,0.11118101097389024,0.10768015644486231,0.05245772605354006,0.09806894740891321,0.05075944317125315,0.09579772876532376
news,qwen-it,0.25,2.0,200,200,183.78,0.6988370061489908,0.5407793965105108,2.304531093930258,1.9626386383901908,10.117011318636894,0.11690992686288029,0.95,0.0,0.99,2.6127890589687235,0.5716341883625252,0.49319180477007096,0.45795001689740333,0.04,0.015,27.0,0.04,0.005,9.963599901724546,0.11376475714953539,0.95,0.0,0.99,2.426935705879695,27.0,0.04,0.9104209437021562,0.9726176509713551,0.9642775148038205,0.9972533993962251,0.9642775148038205,0.9972533993962251,0.02040538715065641,0.07693293829419882,24.0,29.0,24.0,29.0,9.548062062888986,5.673405077113901,,,,,,,,
code,qwen-it,0.25,2.0,164,164,144.76829268292684,0.44565105751419154,0.353816720706241,0.5231190714751212,0.4298685098978106,2.5736442514593296,-0.11545132686161634,0.21951219512195122,0.0,0.4573170731707317,2.5483115581805764,0.34069438885346676,0.3126821999820541,0.2985364921987427,0.27439024390243905,0.18902439024390244,inf,0.7317073170731707,0.0,2.4121745998452955,-0.0010757560473334726,0.16463414634146342,0.0,0.4878048780487805,2.2576469380684165,inf,0.774390243902439,0.16298304128303545,0.2888810972857103,0.38291949486520394,0.5336685262213444,0.4124616802416533,0.5637063257830748,0.6591629069301651,0.7936449786000014,inf,inf,inf,inf,,,,,,,,,,
qa,qwen-it,0.5,2.0,500,500,5.77,0.718118961473065,0.718118961473065,1.2853847489631491,1.184246662220609,0.8027385212766084,-0.05342490026249816,0.0,0.0,0.054,2.0,0.6930415417915419,0.6480608711215404,0.6480608711215404,0.376,0.376,inf,0.998,0.0,0.803869321014592,-0.05454969471373602,0.0,0.0,0.052,2.0,inf,0.998,0.0,0.007624618530903363,0.03737409848513375,0.07742706124443205,0.03573001990962654,0.07510163829406287,0.9887590072528046,0.9996468726904154,inf,inf,inf,inf,,,0.202,0.212,0.27924389923801685,0.26899179709179716,0.16914066023346225,0.2394036124109562,0.1784389298803022,0.24995285039349813
news δ=4,qwen-it,0.25,4.0,200,200,183.85,0.7035964915423021,0.5544099537727137,2.989501719138435,1.9626386383901908,18.68744943904791,0.11690992686288029,0.99,0.0,0.99,2.6127890589687235,0.8465363859256783,0.6579650911104606,0.5420066574644055,0.005,0.005,8.0,0.01,0.005,18.51987224854561,0.11376475714953539,0.99,0.0,0.99,2.426935705879695,8.0,0.01,0.9642775148038205,0.9972533993962251,0.9642775148038205,0.9972533993962251,0.9642775148038205,0.9972533993962251,0.0027466006037749346,0.03572248519617954,8.0,8.0,8.0,8.0,25.55559352190986,5.673405077113901,,,,,,,,
