attack,level,n_pos,n_neg,TPR_z4,FPR_z4,TPR_1pctFPR,thr_1pctFPR,AUC,meaning_kept,meaning_kept_human,tokens_changed,T_mean,PPL_mean,z_mean,z_mean_human,green_frac,TPR_z4_lo,TPR_z4_hi,TPR_1pct_lo,TPR_1pct_hi,FPR_z4_hi,meaning_lo,meaning_hi
none,0,200,200,1.0,0.0,1.0,2.262741699796952,1.0,0.9999999883770943,0.9999999958276748,0.000475,199.945,6.552593645442535,8.25344917181608,-0.16475588001646554,0.7918448424278789,0.9811539940816791,1.0,0.9811539940816791,1.0,0.018846005918320894,0.9999999779116252,0.9999999988425633
para,full,200,200,0.015,0.0,0.1,2.630761098009901,0.7053125,0.8372313872724771,0.863363488316536,0.8563113636363636,179.71,20.551319832035635,0.8224496744751381,-0.10507738587856619,0.5307974676281514,0.005114145184492387,0.043166480556278884,0.06566994117157123,0.14940686356308552,0.018846005918320894,0.8221928853067378,0.8522698892382164
para,light,200,200,0.22,0.0,0.435,2.4370871833797696,0.8806375,0.8498610787466169,0.8435189807601273,0.6502235819735819,141.445,30.129238014125068,2.4081276334186104,-0.09574073339615319,0.6047589273939746,0.16816453539463405,0.2823892279196257,0.368156071588974,0.5042939091804078,0.018846005918320894,0.82791572757822,0.8718064299150138
para,medium,200,200,0.035,0.0,0.205,2.211629342323457,0.7732375,0.8480487238615751,0.8643851601704955,0.8093567987567988,176.96,21.149212453840992,1.1899279902196662,-0.15475334942577543,0.545275710212324,0.017055324637357105,0.07047146086668134,0.15486094831106376,0.26625819518074556,0.018846005918320894,0.8341703022977092,0.8619271454254411
t5,0.1,200,200,0.955,0.005,1.0,2.573684753618666,0.999775,0.9508123636245728,0.9498330780863762,0.2168584498834499,231.595,8.05266320688883,6.6511471141339875,-0.0609069105694533,0.7184415856923456,0.9167024063390322,0.9761477282752958,0.9811539940816791,1.0,0.02777439986977148,0.9470538922463516,0.9545708350027939
t5,0.3,200,200,0.495,0.0,0.925,2.133987662973923,0.9907249999999999,0.8807719630002976,0.8708061367273331,0.6465103146853147,294.69,9.917524153247207,4.293353711863872,-0.08738332410681889,0.6239296057695349,0.4264572195415849,0.5637312405175983,0.8799554020266798,0.9540254929427476,0.018846005918320894,0.8735430698077206,0.8880008561928746
t5w,0.1,100,100,0.99,0.0,0.99,3.901704880033059,0.9999,0.9532979363203049,0.9548971432447434,0.11275000000000002,200.77,9.243456677407481,6.300035408876454,-0.08829671816822347,0.7223126719701631,0.9455124752390653,0.9982326134344526,0.9455124752390653,0.9982326134344526,0.03699480747600191,0.9463288747744335,0.9602669978661763
t5w,0.3,100,100,0.24,0.0,0.81,2.3759548165574573,0.99495,0.855573952794075,0.8715947473049164,0.3416000000000001,202.28,16.03995328734918,3.417179454135347,-0.10098232847106592,0.6201099529538332,0.16691211265459965,0.3323251872329213,0.7222097592919214,0.8748534600729574,0.03699480747600191,0.8428999591072632,0.8682479464808868
t5w,0.5,100,100,0.02,0.0,0.11,2.466666666666667,0.8242,0.7738269418478012,0.7901407366991043,0.5703499999999999,205.51,24.79221860129293,1.3667803468323956,-0.010128346020128852,0.5476052794287309,0.005501852234968185,0.07001316294199365,0.06254131955225126,0.18631463027903022,0.03699480747600191,0.7567243676110059,0.7909295160845965
t5w,0.7,100,100,0.01,0.0,0.01,3.236159339823562,0.6072499999999998,0.71923105686903,0.7265278688073158,0.74885,209.87,33.472953991283724,0.40386092908807475,0.02933875859255167,0.5138142633447116,0.0017673865655472645,0.0544875247609346,0.0017673865655472645,0.0544875247609346,0.03699480747600191,0.7003806258999244,0.7380814878381355
