panel,gamma,delta,z_mean,PPL_mean,n
multinomial,0.1,0.0,-0.05669936048291535,5.292958747208689,500
multinomial,0.1,1.0,4.044915366541686,5.388241298944647,100
multinomial,0.1,2.0,10.773950322679031,6.258560166800989,100
multinomial,0.1,5.0,32.62455507206779,13.672028758724018,100
multinomial,0.1,10.0,41.66508857011533,17.477818117258327,100
multinomial,0.25,0.0,-0.010898393243442939,5.292958747208689,500
multinomial,0.25,1.0,5.166760053397398,5.558784188560275,300
multinomial,0.25,2.0,11.082278895919963,6.687497684073213,300
multinomial,0.25,5.0,21.274634912652832,12.398697063508957,300
multinomial,0.25,10.0,24.220554576640065,15.579394706706532,100
multinomial,0.5,0.0,-0.37269033875944807,5.292958747208689,500
multinomial,0.5,1.0,4.565631117998205,5.71614274245826,300
multinomial,0.5,2.0,8.24979344792252,6.533034078609976,497
multinomial,0.5,5.0,12.674019649823691,9.23310342218858,300
multinomial,0.5,10.0,14.045839953210116,10.071942924979824,100
multinomial,0.75,0.0,-0.4989468175267766,5.292958747208689,500
multinomial,0.75,1.0,3.292577148857845,5.444452852340799,100
multinomial,0.75,2.0,5.334431304813705,5.812394446292859,100
multinomial,0.75,5.0,7.4614212201151,7.278193725657596,100
multinomial,0.75,10.0,8.092909730215322,7.886756898037629,100
multinomial,0.9,0.0,-0.16818852998465694,5.292958747208689,500
multinomial,0.9,1.0,2.1844441530519463,5.200603462821946,100
multinomial,0.9,2.0,3.3033930754772296,5.49582971469269,100
multinomial,0.9,5.0,4.256664823929466,5.802478285669687,100
multinomial,0.9,10.0,4.699785073473035,6.01183871729142,100
greedy,0.5,0.0,-0.4058792924010783,1.808687821664499,100
greedy,0.5,0.5,2.736503243191939,1.8967521383226538,100
greedy,0.5,1.0,5.232590180780452,1.9442997390074708,100
greedy,0.5,2.0,8.37638692993584,2.1060406500653497,100
greedy,0.5,5.0,12.665696664613435,2.5082670193634296,100
greedy,0.5,10.0,13.924346735125487,2.48220027187945,100
4 beams,0.5,2.0,11.221313212909717,1.7433005528308885,150
8 beams,0.5,0.0,-0.4921463197058371,1.4416088086954877,100
8 beams,0.5,0.5,3.976768537393142,1.4671882133903136,100
8 beams,0.5,1.0,6.7259997026464395,1.5738931691860107,100
8 beams,0.5,2.0,11.52018367909123,1.629002770967598,150
8 beams,0.5,5.0,14.000714267493638,1.738714553939412,100
8 beams,0.5,10.0,14.139307196606197,1.675104915936014,100
