panel,series,T,z_mean
"(a) multinomial, δ = 5",γ = 0.1,2,2.8755675768252917
"(a) multinomial, δ = 5",γ = 0.1,4,4.35
"(a) multinomial, δ = 5",γ = 0.1,6,5.21196984158865
"(a) multinomial, δ = 5",γ = 0.1,8,5.975052301026325
"(a) multinomial, δ = 5",γ = 0.1,10,6.841060671497594
"(a) multinomial, δ = 5",γ = 0.1,12,7.54404351741111
"(a) multinomial, δ = 5",γ = 0.1,14,8.151467878328944
"(a) multinomial, δ = 5",γ = 0.1,16,8.774999999999999
"(a) multinomial, δ = 5",γ = 0.1,18,9.380949963741534
"(a) multinomial, δ = 5",γ = 0.1,20,9.98777029949906
"(a) multinomial, δ = 5",γ = 0.1,22,10.503688625786408
"(a) multinomial, δ = 5",γ = 0.1,24,10.981879013477915
"(a) multinomial, δ = 5",γ = 0.1,26,11.420496269546911
"(a) multinomial, δ = 5",γ = 0.1,28,11.798790965771378
"(a) multinomial, δ = 5",γ = 0.1,30,12.28115690050472
"(a) multinomial, δ = 5",γ = 0.1,32,12.651318826729307
"(a) multinomial, δ = 5",γ = 0.1,34,13.05675894884967
"(a) multinomial, δ = 5",γ = 0.1,36,13.322222222222221
"(a) multinomial, δ = 5",γ = 0.1,38,13.691487943436357
"(a) multinomial, δ = 5",γ = 0.1,40,14.082676513283182
"(a) multinomial, δ = 5",γ = 0.1,42,14.437650111453067
"(a) multinomial, δ = 5",γ = 0.1,44,14.799181829691896
"(a) multinomial, δ = 5",γ = 0.1,46,15.196350947698065
"(a) multinomial, δ = 5",γ = 0.1,48,15.453742205308979
"(a) multinomial, δ = 5",γ = 0.1,50,15.763767175252099
"(a) multinomial, δ = 5",γ = 0.1,52,16.104795697072483
"(a) multinomial, δ = 5",γ = 0.1,54,16.443333921461146
"(a) multinomial, δ = 5",γ = 0.1,56,16.743916805813388
"(a) multinomial, δ = 5",γ = 0.1,58,17.02606746081069
"(a) multinomial, δ = 5",γ = 0.1,60,17.299325613059796
"(a) multinomial, δ = 5",γ = 0.1,62,17.597984264659726
"(a) multinomial, δ = 5",γ = 0.1,64,17.85833333333333
"(a) multinomial, δ = 5",γ = 0.1,66,18.155994919451576
"(a) multinomial, δ = 5",γ = 0.1,68,18.456961065264938
"(a) multinomial, δ = 5",γ = 0.1,70,18.729232308269946
"(a) multinomial, δ = 5",γ = 0.1,72,18.997602187878577
"(a) multinomial, δ = 5",γ = 0.1,74,19.25060897597647
"(a) multinomial, δ = 5",γ = 0.1,76,19.504160974562257
"(a) multinomial, δ = 5",γ = 0.1,78,19.784654043286572
"(a) multinomial, δ = 5",γ = 0.1,80,20.009081618660616
"(a) multinomial, δ = 5",γ = 0.1,82,20.300995543425955
"(a) multinomial, δ = 5",γ = 0.1,84,20.570673119579546
"(a) multinomial, δ = 5",γ = 0.1,86,20.833291782904304
"(a) multinomial, δ = 5",γ = 0.1,88,21.04646404957134
"(a) multinomial, δ = 5",γ = 0.1,90,21.32429235506877
"(a) multinomial, δ = 5",γ = 0.1,92,21.602093296312948
"(a) multinomial, δ = 5",γ = 0.1,94,21.831749712477794
"(a) multinomial, δ = 5",γ = 0.1,96,22.110046997705375
"(a) multinomial, δ = 5",γ = 0.1,98,22.3883475624255
"(a) multinomial, δ = 5",γ = 0.1,100,22.646666666666665
"(a) multinomial, δ = 5",γ = 0.1,102,22.8757087345711
"(a) multinomial, δ = 5",γ = 0.1,104,23.10248071927807
"(a) multinomial, δ = 5",γ = 0.1,106,23.314098316115533
"(a) multinomial, δ = 5",γ = 0.1,108,23.552683481441232
"(a) multinomial, δ = 5",γ = 0.1,110,23.785713393046702
"(a) multinomial, δ = 5",γ = 0.1,112,23.97869610849372
"(a) multinomial, δ = 5",γ = 0.1,114,24.213865182092057
"(a) multinomial, δ = 5",γ = 0.1,116,24.434411581797075
"(a) multinomial, δ = 5",γ = 0.1,118,24.66526259555574
"(a) multinomial, δ = 5",γ = 0.1,120,24.881818626220788
"(a) multinomial, δ = 5",γ = 0.1,122,25.081419511979046
"(a) multinomial, δ = 5",γ = 0.1,124,25.279446260268568
"(a) multinomial, δ = 5",γ = 0.1,126,25.47890506231779
"(a) multinomial, δ = 5",γ = 0.1,128,25.6768149918365
"(a) multinomial, δ = 5",γ = 0.1,130,25.905370363598617
"(a) multinomial, δ = 5",γ = 0.1,132,26.114549687620595
"(a) multinomial, δ = 5",γ = 0.1,134,26.336468734557062
"(a) multinomial, δ = 5",γ = 0.1,136,26.550839289812753
"(a) multinomial, δ = 5",γ = 0.1,138,26.777692935901037
"(a) multinomial, δ = 5",γ = 0.1,140,26.96605508753787
"(a) multinomial, δ = 5",γ = 0.1,142,27.1866787376184
"(a) multinomial, δ = 5",γ = 0.1,144,27.369444444444444
"(a) multinomial, δ = 5",γ = 0.1,146,27.559276090458848
"(a) multinomial, δ = 5",γ = 0.1,148,27.739589124657297
"(a) multinomial, δ = 5",γ = 0.1,150,27.951399620425814
"(a) multinomial, δ = 5",γ = 0.1,152,28.158935017948195
"(a) multinomial, δ = 5",γ = 0.1,154,28.35153795095963
"(a) multinomial, δ = 5",γ = 0.1,156,28.553518626010465
"(a) multinomial, δ = 5",γ = 0.1,158,28.74613653488304
"(a) multinomial, δ = 5",γ = 0.1,160,28.961192904375412
"(a) multinomial, δ = 5",γ = 0.1,162,29.148512868912125
"(a) multinomial, δ = 5",γ = 0.1,164,29.316418002522834
"(a) multinomial, δ = 5",γ = 0.1,166,29.53511467154499
"(a) multinomial, δ = 5",γ = 0.1,168,29.73682726019448
"(a) multinomial, δ = 5",γ = 0.1,170,29.921860764898746
"(a) multinomial, δ = 5",γ = 0.1,172,30.123550926367173
"(a) multinomial, δ = 5",γ = 0.1,174,30.31128677576315
"(a) multinomial, δ = 5",γ = 0.1,176,30.485309531350055
"(a) multinomial, δ = 5",γ = 0.1,178,30.670836713710656
"(a) multinomial, δ = 5",γ = 0.1,180,30.8527690495471
"(a) multinomial, δ = 5",γ = 0.1,182,31.036108888600307
"(a) multinomial, δ = 5",γ = 0.1,184,31.220834215799464
"(a) multinomial, δ = 5",γ = 0.1,186,31.394703207488046
"(a) multinomial, δ = 5",γ = 0.1,188,31.555459827377845
"(a) multinomial, δ = 5",γ = 0.1,190,31.727494671477842
"(a) multinomial, δ = 5",γ = 0.1,192,31.92265863394305
"(a) multinomial, δ = 5",γ = 0.1,194,32.12623440428172
"(a) multinomial, δ = 5",γ = 0.1,196,32.28333333333333
"(a) multinomial, δ = 5",γ = 0.1,198,32.46099351356589
"(a) multinomial, δ = 5",γ = 0.1,200,32.64357264932241
"(a) multinomial, δ = 5",γ = 0.25,2,2.0303548312402793
"(a) multinomial, δ = 5",γ = 0.25,4,2.8405633244129587
"(a) multinomial, δ = 5",γ = 0.25,6,3.494678847464181
"(a) multinomial, δ = 5",γ = 0.25,8,4.08248290463863
"(a) multinomial, δ = 5",γ = 0.25,10,4.566788968354185
"(a) multinomial, δ = 5",γ = 0.25,12,5.035555555555555
"(a) multinomial, δ = 5",γ = 0.25,14,5.4253057846671515
"(a) multinomial, δ = 5",γ = 0.25,16,5.827388717020623
"(a) multinomial, δ = 5",γ = 0.25,18,6.178157462353127
"(a) multinomial, δ = 5",γ = 0.25,20,6.508333347560108
"(a) multinomial, δ = 5",γ = 0.25,22,6.824192259894206
"(a) multinomial, δ = 5",γ = 0.25,24,7.135493096373584
"(a) multinomial, δ = 5",γ = 0.25,26,7.447363479247054
"(a) multinomial, δ = 5",γ = 0.25,28,7.7321872440286645
"(a) multinomial, δ = 5",γ = 0.25,30,7.988616097954251
"(a) multinomial, δ = 5",γ = 0.25,32,8.242532984465393
"(a) multinomial, δ = 5",γ = 0.25,34,8.5152688695994
"(a) multinomial, δ = 5",γ = 0.25,36,8.757762083307522
"(a) multinomial, δ = 5",γ = 0.25,38,9.008706726333788
"(a) multinomial, δ = 5",γ = 0.25,40,9.249208254403905
"(a) multinomial, δ = 5",γ = 0.25,42,9.475301896601819
"(a) multinomial, δ = 5",γ = 0.25,44,9.703088542970596
"(a) multinomial, δ = 5",γ = 0.25,46,9.921111113816295
"(a) multinomial, δ = 5",γ = 0.25,48,10.13888888888889
"(a) multinomial, δ = 5",γ = 0.25,50,10.368417915674218
"(a) multinomial, δ = 5",γ = 0.25,52,10.567390630110383
"(a) multinomial, δ = 5",γ = 0.25,54,10.770021951672437
"(a) multinomial, δ = 5",γ = 0.25,56,10.985369828301195
"(a) multinomial, δ = 5",γ = 0.25,58,11.199635097138998
"(a) multinomial, δ = 5",γ = 0.25,60,11.397983837308926
"(a) multinomial, δ = 5",γ = 0.25,62,11.593920913588192
"(a) multinomial, δ = 5",γ = 0.25,64,11.788530246403509
"(a) multinomial, δ = 5",γ = 0.25,66,11.966719319355574
"(a) multinomial, δ = 5",γ = 0.25,68,12.15163056919507
"(a) multinomial, δ = 5",γ = 0.25,70,12.323650802441993
"(a) multinomial, δ = 5",γ = 0.25,72,12.502377090849992
"(a) multinomial, δ = 5",γ = 0.25,74,12.669636572960208
"(a) multinomial, δ = 5",γ = 0.25,76,12.848846885102303
"(a) multinomial, δ = 5",γ = 0.25,78,13.01078021870077
"(a) multinomial, δ = 5",γ = 0.25,80,13.182774647524223
"(a) multinomial, δ = 5",γ = 0.25,82,13.346605860125884
"(a) multinomial, δ = 5",γ = 0.25,84,13.514329712707703
"(a) multinomial, δ = 5",γ = 0.25,86,13.670868730693446
"(a) multinomial, δ = 5",γ = 0.25,88,13.832201146317548
"(a) multinomial, δ = 5",γ = 0.25,90,13.99816568818018
"(a) multinomial, δ = 5",γ = 0.25,92,14.150955744055215
"(a) multinomial, δ = 5",γ = 0.25,94,14.30290785844787
"(a) multinomial, δ = 5",γ = 0.25,96,14.45954800106358
"(a) multinomial, δ = 5",γ = 0.25,98,14.612955951232216
"(a) multinomial, δ = 5",γ = 0.25,100,14.772468887665225
"(a) multinomial, δ = 5",γ = 0.25,102,14.921901339266206
"(a) multinomial, δ = 5",γ = 0.25,104,15.075891283957244
"(a) multinomial, δ = 5",γ = 0.25,106,15.229076312729012
"(a) multinomial, δ = 5",γ = 0.25,108,15.3762962962963
"(a) multinomial, δ = 5",γ = 0.25,110,15.535332701776367
"(a) multinomial, δ = 5",γ = 0.25,112,15.683319771260773
"(a) multinomial, δ = 5",γ = 0.25,114,15.834252670550253
"(a) multinomial, δ = 5",γ = 0.25,116,15.975191510773032
"(a) multinomial, δ = 5",γ = 0.25,118,16.118441478043245
"(a) multinomial, δ = 5",γ = 0.25,120,16.255512630003324
"(a) multinomial, δ = 5",γ = 0.25,122,16.390740703629
"(a) multinomial, δ = 5",γ = 0.25,124,16.53246651965208
"(a) multinomial, δ = 5",γ = 0.25,126,16.662704417906433
"(a) multinomial, δ = 5",γ = 0.25,128,16.805540876944924
"(a) multinomial, δ = 5",γ = 0.25,130,16.947180568778077
"(a) multinomial, δ = 5",γ = 0.25,132,17.07492245604384
"(a) multinomial, δ = 5",γ = 0.25,134,17.21235609764924
"(a) multinomial, δ = 5",γ = 0.25,136,17.347384952951334
"(a) multinomial, δ = 5",γ = 0.25,138,17.486615999970798
"(a) multinomial, δ = 5",γ = 0.25,140,17.62020111711008
"(a) multinomial, δ = 5",γ = 0.25,142,17.75343000942733
"(a) multinomial, δ = 5",γ = 0.25,144,17.885669839195504
"(a) multinomial, δ = 5",γ = 0.25,146,18.01439388410471
"(a) multinomial, δ = 5",γ = 0.25,148,18.142838702810433
"(a) multinomial, δ = 5",γ = 0.25,150,18.2728963045825
"(a) multinomial, δ = 5",γ = 0.25,152,18.395794120546576
"(a) multinomial, δ = 5",γ = 0.25,154,18.51663578692957
"(a) multinomial, δ = 5",γ = 0.25,156,18.6379265931677
"(a) multinomial, δ = 5",γ = 0.25,158,18.765782308606493
"(a) multinomial, δ = 5",γ = 0.25,160,18.89825397578658
"(a) multinomial, δ = 5",γ = 0.25,162,19.02316071105168
"(a) multinomial, δ = 5",γ = 0.25,164,19.143648570169145
"(a) multinomial, δ = 5",γ = 0.25,166,19.27055318563329
"(a) multinomial, δ = 5",γ = 0.25,168,19.392475713165513
"(a) multinomial, δ = 5",γ = 0.25,170,19.511276748295685
"(a) multinomial, δ = 5",γ = 0.25,172,19.629359472894343
"(a) multinomial, δ = 5",γ = 0.25,174,19.750821838686445
"(a) multinomial, δ = 5",γ = 0.25,176,19.876767015874766
"(a) multinomial, δ = 5",γ = 0.25,178,19.993849274772117
"(a) multinomial, δ = 5",γ = 0.25,180,20.111972185372206
"(a) multinomial, δ = 5",γ = 0.25,182,20.231119015965888
"(a) multinomial, δ = 5",γ = 0.25,184,20.354678659149357
"(a) multinomial, δ = 5",γ = 0.25,186,20.471291582412928
"(a) multinomial, δ = 5",γ = 0.25,188,20.586122993164032
"(a) multinomial, δ = 5",γ = 0.25,190,20.69976014777559
"(a) multinomial, δ = 5",γ = 0.25,192,20.81888888888889
"(a) multinomial, δ = 5",γ = 0.25,194,20.932923475314375
"(a) multinomial, δ = 5",γ = 0.25,196,21.04689167025839
"(a) multinomial, δ = 5",γ = 0.25,198,21.159700835993917
"(a) multinomial, δ = 5",γ = 0.25,200,21.274634912652832
"(a) multinomial, δ = 5",γ = 0.5,2,1.2586500705120545
"(a) multinomial, δ = 5",γ = 0.5,4,1.7733333333333334
"(a) multinomial, δ = 5",γ = 0.5,6,2.158272628918956
"(a) multinomial, δ = 5",γ = 0.5,8,2.493729914984557
"(a) multinomial, δ = 5",γ = 0.5,10,2.7849125260549523
"(a) multinomial, δ = 5",γ = 0.5,12,3.040711417732029
"(a) multinomial, δ = 5",γ = 0.5,14,3.2908767587483188
"(a) multinomial, δ = 5",γ = 0.5,16,3.52
"(a) multinomial, δ = 5",γ = 0.5,18,3.747665940288702
"(a) multinomial, δ = 5",γ = 0.5,20,3.9503867602496285
"(a) multinomial, δ = 5",γ = 0.5,22,4.106245797009057
"(a) multinomial, δ = 5",γ = 0.5,24,4.29205036041008
"(a) multinomial, δ = 5",γ = 0.5,26,4.466218117546911
"(a) multinomial, δ = 5",γ = 0.5,28,4.643923491706705
"(a) multinomial, δ = 5",γ = 0.5,30,4.81630702232876
"(a) multinomial, δ = 5",γ = 0.5,32,4.98038876215725
"(a) multinomial, δ = 5",γ = 0.5,34,5.148387525978115
"(a) multinomial, δ = 5",γ = 0.5,36,5.297777777777778
"(a) multinomial, δ = 5",γ = 0.5,38,5.444150893148391
"(a) multinomial, δ = 5",γ = 0.5,40,5.586690532964137
"(a) multinomial, δ = 5",γ = 0.5,42,5.728769039592598
"(a) multinomial, δ = 5",γ = 0.5,44,5.8593704629612064
"(a) multinomial, δ = 5",γ = 0.5,46,5.987126366263189
"(a) multinomial, δ = 5",γ = 0.5,48,6.119912853410033
"(a) multinomial, δ = 5",γ = 0.5,50,6.249881136647499
"(a) multinomial, δ = 5",γ = 0.5,52,6.379976756917177
"(a) multinomial, δ = 5",γ = 0.5,54,6.507477749993976
"(a) multinomial, δ = 5",γ = 0.5,56,6.633424024266373
"(a) multinomial, δ = 5",γ = 0.5,58,6.749150648989739
"(a) multinomial, δ = 5",γ = 0.5,60,6.861205163547896
"(a) multinomial, δ = 5",γ = 0.5,62,6.9782336449038
"(a) multinomial, δ = 5",γ = 0.5,64,7.096666666666667
"(a) multinomial, δ = 5",γ = 0.5,66,7.216443811148347
"(a) multinomial, δ = 5",γ = 0.5,68,7.331851944848345
"(a) multinomial, δ = 5",γ = 0.5,70,7.434321950059928
"(a) multinomial, δ = 5",γ = 0.5,72,7.540115310052552
"(a) multinomial, δ = 5",γ = 0.5,74,7.643669739535263
"(a) multinomial, δ = 5",γ = 0.5,76,7.75119292837338
"(a) multinomial, δ = 5",γ = 0.5,78,7.853473508826914
"(a) multinomial, δ = 5",γ = 0.5,80,7.9581659319217515
"(a) multinomial, δ = 5",γ = 0.5,82,8.06223761363763
"(a) multinomial, δ = 5",γ = 0.5,84,8.164258666695927
"(a) multinomial, δ = 5",γ = 0.5,86,8.26142819769276
"(a) multinomial, δ = 5",γ = 0.5,88,8.363153433576079
"(a) multinomial, δ = 5",γ = 0.5,90,8.463660475348435
"(a) multinomial, δ = 5",γ = 0.5,92,8.556736504855492
"(a) multinomial, δ = 5",γ = 0.5,94,8.65156141361876
"(a) multinomial, δ = 5",γ = 0.5,96,8.747400037005706
"(a) multinomial, δ = 5",γ = 0.5,98,8.838161329802142
"(a) multinomial, δ = 5",γ = 0.5,100,8.924
"(a) multinomial, δ = 5",γ = 0.5,102,9.016943624707581
"(a) multinomial, δ = 5",γ = 0.5,104,9.108940756718189
"(a) multinomial, δ = 5",γ = 0.5,106,9.188364257899721
"(a) multinomial, δ = 5",γ = 0.5,108,9.27224532318539
"(a) multinomial, δ = 5",γ = 0.5,110,9.362366984665554
"(a) multinomial, δ = 5",γ = 0.5,112,9.444702239712239
"(a) multinomial, δ = 5",γ = 0.5,114,9.529448437573206
"(a) multinomial, δ = 5",γ = 0.5,116,9.607257812820075
"(a) multinomial, δ = 5",γ = 0.5,118,9.6832175474665
"(a) multinomial, δ = 5",γ = 0.5,120,9.767718942175463
"(a) multinomial, δ = 5",γ = 0.5,122,9.84787488286488
"(a) multinomial, δ = 5",γ = 0.5,124,9.929179780380206
"(a) multinomial, δ = 5",γ = 0.5,126,10.006260897201168
"(a) multinomial, δ = 5",γ = 0.5,128,10.087467489277087
"(a) multinomial, δ = 5",γ = 0.5,130,10.166271854460877
"(a) multinomial, δ = 5",γ = 0.5,132,10.248531864965118
"(a) multinomial, δ = 5",γ = 0.5,134,10.323803597980975
"(a) multinomial, δ = 5",γ = 0.5,136,10.403104174744586
"(a) multinomial, δ = 5",γ = 0.5,138,10.48180541540939
"(a) multinomial, δ = 5",γ = 0.5,140,10.567245364955552
"(a) multinomial, δ = 5",γ = 0.5,142,10.650330345262713
"(a) multinomial, δ = 5",γ = 0.5,144,10.726666666666667
"(a) multinomial, δ = 5",γ = 0.5,146,10.803015532556243
"(a) multinomial, δ = 5",γ = 0.5,148,10.872253027127629
"(a) multinomial, δ = 5",γ = 0.5,150,10.945408832863144
"(a) multinomial, δ = 5",γ = 0.5,152,11.020782613553571
"(a) multinomial, δ = 5",γ = 0.5,154,11.092421707464036
"(a) multinomial, δ = 5",γ = 0.5,156,11.168938727904827
"(a) multinomial, δ = 5",γ = 0.5,158,11.240163682357498
"(a) multinomial, δ = 5",γ = 0.5,160,11.314102421805764
"(a) multinomial, δ = 5",γ = 0.5,162,11.385466742705175
"(a) multinomial, δ = 5",γ = 0.5,164,11.457427751354436
"(a) multinomial, δ = 5",γ = 0.5,166,11.527387607790455
"(a) multinomial, δ = 5",γ = 0.5,168,11.599497161150321
"(a) multinomial, δ = 5",γ = 0.5,170,11.666048790361067
"(a) multinomial, δ = 5",γ = 0.5,172,11.737306629932807
"(a) multinomial, δ = 5",γ = 0.5,174,11.809145924176438
"(a) multinomial, δ = 5",γ = 0.5,176,11.875024306195222
"(a) multinomial, δ = 5",γ = 0.5,178,11.944037308045385
"(a) multinomial, δ = 5",γ = 0.5,180,12.00917575115887
"(a) multinomial, δ = 5",γ = 0.5,182,12.076928033253768
"(a) multinomial, δ = 5",γ = 0.5,184,12.14675982122761
"(a) multinomial, δ = 5",γ = 0.5,186,12.21326056269504
"(a) multinomial, δ = 5",γ = 0.5,188,12.284263367314354
"(a) multinomial, δ = 5",γ = 0.5,190,12.348089427705805
"(a) multinomial, δ = 5",γ = 0.5,192,12.413030787576954
"(a) multinomial, δ = 5",γ = 0.5,194,12.480505990638349
"(a) multinomial, δ = 5",γ = 0.5,196,12.545238095238094
"(a) multinomial, δ = 5",γ = 0.5,198,12.611752442673492
"(a) multinomial, δ = 5",γ = 0.5,200,12.676147463142161
"(a) multinomial, δ = 5",γ = 0.75,2,0.6531972647421808
"(a) multinomial, δ = 5",γ = 0.75,4,1.0161364737737415
"(a) multinomial, δ = 5",γ = 0.75,6,1.2633641157199653
"(a) multinomial, δ = 5",γ = 0.75,8,1.4696938456699065
"(a) multinomial, δ = 5",γ = 0.75,10,1.6650765748157048
"(a) multinomial, δ = 5",γ = 0.75,12,1.8333333333333335
"(a) multinomial, δ = 5",γ = 0.75,14,1.9750828795147757
"(a) multinomial, δ = 5",γ = 0.75,16,2.124648990617823
"(a) multinomial, δ = 5",γ = 0.75,18,2.253530563360524
"(a) multinomial, δ = 5",γ = 0.75,20,2.3754297856738815
"(a) multinomial, δ = 5",γ = 0.75,22,2.4962954370608674
"(a) multinomial, δ = 5",γ = 0.75,24,2.597438909558585
"(a) multinomial, δ = 5",γ = 0.75,26,2.6857611249909814
"(a) multinomial, δ = 5",γ = 0.75,28,2.7757315638018225
"(a) multinomial, δ = 5",γ = 0.75,30,2.8629153750057723
"(a) multinomial, δ = 5",γ = 0.75,32,2.955717622958367
"(a) multinomial, δ = 5",γ = 0.75,34,3.0338120716805297
"(a) multinomial, δ = 5",γ = 0.75,36,3.1138424518293806
"(a) multinomial, δ = 5",γ = 0.75,38,3.2031234756093943
"(a) multinomial, δ = 5",γ = 0.75,40,3.293638312464399
"(a) multinomial, δ = 5",γ = 0.75,42,3.385309064224042
"(a) multinomial, δ = 5",γ = 0.75,44,3.4537006941610455
"(a) multinomial, δ = 5",γ = 0.75,46,3.5242020373412197
"(a) multinomial, δ = 5",γ = 0.75,48,3.6000000000000005
"(a) multinomial, δ = 5",γ = 0.75,50,3.6677026415273457
"(a) multinomial, δ = 5",γ = 0.75,52,3.7469987990390394
"(a) multinomial, δ = 5",γ = 0.75,54,3.8309474056284505
"(a) multinomial, δ = 5",γ = 0.75,56,3.8977026200424403
"(a) multinomial, δ = 5",γ = 0.75,58,3.9724337483534526
"(a) multinomial, δ = 5",γ = 0.75,60,4.027903783469622
"(a) multinomial, δ = 5",γ = 0.75,62,4.097320393696611
"(a) multinomial, δ = 5",γ = 0.75,64,4.168468943549098
"(a) multinomial, δ = 5",γ = 0.75,66,4.238430241149536
"(a) multinomial, δ = 5",γ = 0.75,68,4.2960592977979335
"(a) multinomial, δ = 5",γ = 0.75,70,4.35293354833157
"(a) multinomial, δ = 5",γ = 0.75,72,4.409081537009721
"(a) multinomial, δ = 5",γ = 0.75,74,4.477953200387971
"(a) multinomial, δ = 5",γ = 0.75,76,4.54049692001897
"(a) multinomial, δ = 5",γ = 0.75,78,4.594347325837192
"(a) multinomial, δ = 5",γ = 0.75,80,4.655325982141315
"(a) multinomial, δ = 5",γ = 0.75,82,4.710416756111942
"(a) multinomial, δ = 5",γ = 0.75,84,4.769911649376447
"(a) multinomial, δ = 5",γ = 0.75,86,4.828674686164539
"(a) multinomial, δ = 5",γ = 0.75,88,4.88673219187951
"(a) multinomial, δ = 5",γ = 0.75,90,4.939240307457698
"(a) multinomial, δ = 5",γ = 0.75,92,4.983974317750845
"(a) multinomial, δ = 5",γ = 0.75,94,5.042620617797403
"(a) multinomial, δ = 5",γ = 0.75,96,5.098239892355008
"(a) multinomial, δ = 5",γ = 0.75,98,5.157925544089149
"(a) multinomial, δ = 5",γ = 0.75,100,5.210008829167182
"(a) multinomial, δ = 5",γ = 0.75,102,5.259289944370271
"(a) multinomial, δ = 5",γ = 0.75,104,5.31943750641131
"(a) multinomial, δ = 5",γ = 0.75,106,5.381169590667256
"(a) multinomial, δ = 5",γ = 0.75,108,5.437777777777779
"(a) multinomial, δ = 5",γ = 0.75,110,5.487203405389781
"(a) multinomial, δ = 5",γ = 0.75,112,5.540552233091846
"(a) multinomial, δ = 5",γ = 0.75,114,5.589068696025206
"(a) multinomial, δ = 5",γ = 0.75,116,5.639311933246802
"(a) multinomial, δ = 5",γ = 0.75,118,5.693363764985687
"(a) multinomial, δ = 5",γ = 0.75,120,5.742696230865776
"(a) multinomial, δ = 5",γ = 0.75,122,5.7916087782616295
"(a) multinomial, δ = 5",γ = 0.75,124,5.840111944721754
"(a) multinomial, δ = 5",γ = 0.75,126,5.886158456553932
"(a) multinomial, δ = 5",γ = 0.75,128,5.9338889018922485
"(a) multinomial, δ = 5",γ = 0.75,130,5.975162265793634
"(a) multinomial, δ = 5",γ = 0.75,132,6.0161563621416425
"(a) multinomial, δ = 5",γ = 0.75,134,6.058871707517762
"(a) multinomial, δ = 5",γ = 0.75,136,6.101289159822268
"(a) multinomial, δ = 5",γ = 0.75,138,6.147346625284843
"(a) multinomial, δ = 5",γ = 0.75,140,6.193061862931391
"(a) multinomial, δ = 5",γ = 0.75,142,6.240380390476236
"(a) multinomial, δ = 5",γ = 0.75,144,6.289268932372323
"(a) multinomial, δ = 5",γ = 0.75,146,6.332050530984464
"(a) multinomial, δ = 5",γ = 0.75,148,6.380240047448299
"(a) multinomial, δ = 5",γ = 0.75,150,6.424300809340179
"(a) multinomial, δ = 5",γ = 0.75,152,6.469934786406342
"(a) multinomial, δ = 5",γ = 0.75,154,6.5096675359477025
"(a) multinomial, δ = 5",γ = 0.75,156,6.554707318728125
"(a) multinomial, δ = 5",γ = 0.75,158,6.599440968525019
"(a) multinomial, δ = 5",γ = 0.75,160,6.6457003643960135
"(a) multinomial, δ = 5",γ = 0.75,162,6.691643089914343
"(a) multinomial, δ = 5",γ = 0.75,164,6.733668831696382
"(a) multinomial, δ = 5",γ = 0.75,166,6.773641567157306
"(a) multinomial, δ = 5",γ = 0.75,168,6.82050689360507
"(a) multinomial, δ = 5",γ = 0.75,170,6.859972903393579
"(a) multinomial, δ = 5",γ = 0.75,172,6.899213301967588
"(a) multinomial, δ = 5",γ = 0.75,174,6.939982664745869
"(a) multinomial, δ = 5",γ = 0.75,176,6.9718101210257
"(a) multinomial, δ = 5",γ = 0.75,178,7.015618530877125
"(a) multinomial, δ = 5",γ = 0.75,180,7.053993667892443
"(a) multinomial, δ = 5",γ = 0.75,182,7.097296807800981
"(a) multinomial, δ = 5",γ = 0.75,184,7.140339780004385
"(a) multinomial, δ = 5",γ = 0.75,186,7.181433848104105
"(a) multinomial, δ = 5",γ = 0.75,188,7.222294875066467
"(a) multinomial, δ = 5",γ = 0.75,190,7.262926769778001
"(a) multinomial, δ = 5",γ = 0.75,192,7.301666666666668
"(a) multinomial, δ = 5",γ = 0.75,194,7.340202156452811
"(a) multinomial, δ = 5",γ = 0.75,196,7.409745013235976
"(a) multinomial, δ = 5",γ = 0.75,198,7.449314676304803
"(a) multinomial, δ = 5",γ = 0.75,200,7.485984441979471
"(a) multinomial, δ = 5",γ = 0.9,2,0.4006938426723769
"(a) multinomial, δ = 5",γ = 0.9,4,0.6166666666666663
"(a) multinomial, δ = 5",γ = 0.9,6,0.7484551991837484
"(a) multinomial, δ = 5",γ = 0.9,8,0.8367430244040812
"(a) multinomial, δ = 5",γ = 0.9,10,0.9486832980505139
"(a) multinomial, δ = 5",γ = 0.9,12,1.058475493514313
"(a) multinomial, δ = 5",γ = 0.9,14,1.158132048287173
"(a) multinomial, δ = 5",γ = 0.9,16,1.241666666666666
"(a) multinomial, δ = 5",γ = 0.9,18,1.2963624321753378
"(a) multinomial, δ = 5",γ = 0.9,20,1.371455026199871
"(a) multinomial, δ = 5",γ = 0.9,22,1.4426581806729641
"(a) multinomial, δ = 5",γ = 0.9,24,1.490106260193099
"(a) multinomial, δ = 5",γ = 0.9,26,1.5558546720962585
"(a) multinomial, δ = 5",γ = 0.9,28,1.6063490102892164
"(a) multinomial, δ = 5",γ = 0.9,30,1.6614250910990034
"(a) multinomial, δ = 5",γ = 0.9,32,1.70884138786749
"(a) multinomial, δ = 5",γ = 0.9,34,1.7607188074630904
"(a) multinomial, δ = 5",γ = 0.9,36,1.8166666666666673
"(a) multinomial, δ = 5",γ = 0.9,38,1.8601389622994091
"(a) multinomial, δ = 5",γ = 0.9,40,1.9079075216349222
"(a) multinomial, δ = 5",γ = 0.9,42,1.9596525445185653
"(a) multinomial, δ = 5",γ = 0.9,44,2.0050504414421275
"(a) multinomial, δ = 5",γ = 0.9,46,2.0543579224249005
"(a) multinomial, δ = 5",γ = 0.9,48,2.1025172302988855
"(a) multinomial, δ = 5",γ = 0.9,50,2.144890569599194
"(a) multinomial, δ = 5",γ = 0.9,52,2.1956882767248636
"(a) multinomial, δ = 5",γ = 0.9,54,2.231757321202451
"(a) multinomial, δ = 5",γ = 0.9,56,2.276174910287482
"(a) multinomial, δ = 5",γ = 0.9,58,2.3197469805217636
"(a) multinomial, δ = 5",γ = 0.9,60,2.3582165263574044
"(a) multinomial, δ = 5",γ = 0.9,62,2.3833690500369067
"(a) multinomial, δ = 5",γ = 0.9,64,2.4208333333333325
"(a) multinomial, δ = 5",γ = 0.9,66,2.4618298195866557
"(a) multinomial, δ = 5",γ = 0.9,68,2.498116937874229
"(a) multinomial, δ = 5",γ = 0.9,70,2.5299005564244665
"(a) multinomial, δ = 5",γ = 0.9,72,2.5730830093177155
"(a) multinomial, δ = 5",γ = 0.9,74,2.615571871735931
"(a) multinomial, δ = 5",γ = 0.9,76,2.630633748382439
"(a) multinomial, δ = 5",γ = 0.9,78,2.6533025166788353
"(a) multinomial, δ = 5",γ = 0.9,80,2.6907351329247473
"(a) multinomial, δ = 5",γ = 0.9,82,2.727658694048711
"(a) multinomial, δ = 5",γ = 0.9,84,2.7640932763225656
"(a) multinomial, δ = 5",γ = 0.9,86,2.8000576775159494
"(a) multinomial, δ = 5",γ = 0.9,88,2.8355695275296187
"(a) multinomial, δ = 5",γ = 0.9,90,2.8671317452193312
"(a) multinomial, δ = 5",γ = 0.9,92,2.901825595627624
"(a) multinomial, δ = 5",γ = 0.9,94,2.9326744101958333
"(a) multinomial, δ = 5",γ = 0.9,96,2.963202174950204
"(a) multinomial, δ = 5",γ = 0.9,98,2.9900515318745424
"(a) multinomial, δ = 5",γ = 0.9,100,3.0200000000000005
"(a) multinomial, δ = 5",γ = 0.9,102,3.05295492417808
"(a) multinomial, δ = 5",γ = 0.9,104,3.0822919239217894
"(a) multinomial, δ = 5",γ = 0.9,106,3.108114759543244
"(a) multinomial, δ = 5",γ = 0.9,108,3.1433514655879615
"(a) multinomial, δ = 5",γ = 0.9,110,3.171852213557004
"(a) multinomial, δ = 5",γ = 0.9,112,3.2032489087532023
"(a) multinomial, δ = 5",γ = 0.9,114,3.2343430026621145
"(a) multinomial, δ = 5",γ = 0.9,116,3.2651430296131605
"(a) multinomial, δ = 5",γ = 0.9,118,3.2925885500163377
"(a) multinomial, δ = 5",γ = 0.9,120,3.3228501821980068
"(a) multinomial, δ = 5",γ = 0.9,122,3.3498226035731875
"(a) multinomial, δ = 5",γ = 0.9,124,3.3825665215042573
"(a) multinomial, δ = 5",γ = 0.9,126,3.406096049706119
"(a) multinomial, δ = 5",γ = 0.9,128,3.435360445264643
"(a) multinomial, δ = 5",γ = 0.9,130,3.467302702993789
"(a) multinomial, δ = 5",γ = 0.9,132,3.4902570019117434
"(a) multinomial, δ = 5",γ = 0.9,134,3.518824053534738
"(a) multinomial, δ = 5",γ = 0.9,136,3.5443040929451812
"(a) multinomial, δ = 5",γ = 0.9,138,3.5667648638791563
"(a) multinomial, δ = 5",γ = 0.9,140,3.59472276344529
"(a) multinomial, δ = 5",γ = 0.9,142,3.6112771118700864
"(a) multinomial, δ = 5",γ = 0.9,144,3.63888888888889
"(a) multinomial, δ = 5",γ = 0.9,146,3.663535400213147
"(a) multinomial, δ = 5",γ = 0.9,148,3.679797332518244
"(a) multinomial, δ = 5",γ = 0.9,150,3.704172822142118
"(a) multinomial, δ = 5",γ = 0.9,152,3.733796376359715
"(a) multinomial, δ = 5",γ = 0.9,154,3.7605071654517768
"(a) multinomial, δ = 5",γ = 0.9,156,3.7843620349268923
"(a) multinomial, δ = 5",γ = 0.9,158,3.805415675973904
"(a) multinomial, δ = 5",γ = 0.9,160,3.828991200187213
"(a) multinomial, δ = 5",γ = 0.9,162,3.8498035864600895
"(a) multinomial, δ = 5",γ = 0.9,164,3.873109294837432
"(a) multinomial, δ = 5",γ = 0.9,166,3.8988628074648113
"(a) multinomial, δ = 5",γ = 0.9,168,3.91930508903713
"(a) multinomial, δ = 5",γ = 0.9,170,3.9396434927126602
"(a) multinomial, δ = 5",γ = 0.9,172,3.9649628286477183
"(a) multinomial, δ = 5",γ = 0.9,174,3.9875957092250345
"(a) multinomial, δ = 5",γ = 0.9,176,4.005075693807958
"(a) multinomial, δ = 5",γ = 0.9,178,4.017489853017813
"(a) multinomial, δ = 5",γ = 0.9,180,4.037344959374621
"(a) multinomial, δ = 5",γ = 0.9,182,4.059575424247295
"(a) multinomial, δ = 5",γ = 0.9,184,4.079227453618822
"(a) multinomial, δ = 5",γ = 0.9,186,4.093898627679446
"(a) multinomial, δ = 5",γ = 0.9,188,4.1182549266238855
"(a) multinomial, δ = 5",γ = 0.9,190,4.142469388128166
"(a) multinomial, δ = 5",γ = 0.9,192,4.16895006877342
"(a) multinomial, δ = 5",γ = 0.9,194,4.190482452465534
"(a) multinomial, δ = 5",γ = 0.9,196,4.20952380952381
"(a) multinomial, δ = 5",γ = 0.9,198,4.233218668083062
"(a) multinomial, δ = 5",γ = 0.9,200,4.2521640107716285
"(b) multinomial, γ = 0.25",δ = 0.5,2,0.14696938456699066
"(b) multinomial, γ = 0.25",δ = 0.5,4,0.357957166897568
"(b) multinomial, γ = 0.25",δ = 0.5,6,0.41483597829610785
"(b) multinomial, γ = 0.25",δ = 0.5,8,0.5307227776030219
"(b) multinomial, γ = 0.25",δ = 0.5,10,0.5039047529047529
"(b) multinomial, γ = 0.25",δ = 0.5,12,0.49999999999999994
"(b) multinomial, γ = 0.25",δ = 0.5,14,0.5986969978529164
"(b) multinomial, γ = 0.25",δ = 0.5,16,0.6697263122599659
"(b) multinomial, γ = 0.25",δ = 0.5,18,0.7130736806768807
"(b) multinomial, γ = 0.25",δ = 0.5,20,0.7745966692414832
"(b) multinomial, γ = 0.25",δ = 0.5,22,0.8320984790202892
"(b) multinomial, γ = 0.25",δ = 0.5,24,0.8862404990871394
"(b) multinomial, γ = 0.25",δ = 0.5,26,0.9194089517254116
"(b) multinomial, γ = 0.25",δ = 0.5,28,0.9470656436242071
"(b) multinomial, γ = 0.25",δ = 0.5,30,0.940250557623398
"(b) multinomial, γ = 0.25",δ = 0.5,32,0.9512185167808009
"(b) multinomial, γ = 0.25",δ = 0.5,34,1.0178716741800213
"(b) multinomial, γ = 0.25",δ = 0.5,36,1.035381482746729
"(b) multinomial, γ = 0.25",δ = 0.5,38,1.0826931981884382
"(b) multinomial, γ = 0.25",δ = 0.5,40,1.1429144033274463
"(b) multinomial, γ = 0.25",δ = 0.5,42,1.1652590147381703
"(b) multinomial, γ = 0.25",δ = 0.5,44,1.197654272975201
"(b) multinomial, γ = 0.25",δ = 0.5,46,1.2462395610308081
"(b) multinomial, γ = 0.25",δ = 0.5,48,1.2600000000000002
"(b) multinomial, γ = 0.25",δ = 0.5,50,1.2965965705132287
"(b) multinomial, γ = 0.25",δ = 0.5,52,1.3226585504300197
"(b) multinomial, γ = 0.25",δ = 0.5,54,1.3796438975150864
"(b) multinomial, γ = 0.25",δ = 0.5,56,1.4257629536497292
"(b) multinomial, γ = 0.25",δ = 0.5,58,1.4767749888917039
"(b) multinomial, γ = 0.25",δ = 0.5,60,1.4758048651498612
"(b) multinomial, γ = 0.25",δ = 0.5,62,1.4811358617156685
"(b) multinomial, γ = 0.25",δ = 0.5,64,1.4866769431632862
"(b) multinomial, γ = 0.25",δ = 0.5,66,1.526517129106171
"(b) multinomial, γ = 0.25",δ = 0.5,68,1.5487097729349784
"(b) multinomial, γ = 0.25",δ = 0.5,70,1.5512673774016124
"(b) multinomial, γ = 0.25",δ = 0.5,72,1.5812817117300295
"(b) multinomial, γ = 0.25",δ = 0.5,74,1.6080899082928022
"(b) multinomial, γ = 0.25",δ = 0.5,76,1.6450691874747845
"(b) multinomial, γ = 0.25",δ = 0.5,78,1.6552201805662727
"(b) multinomial, γ = 0.25",δ = 0.5,80,1.706694661228735
"(b) multinomial, γ = 0.25",δ = 0.5,82,1.7240074321232668
"(b) multinomial, γ = 0.25",δ = 0.5,84,1.7587946810696042
"(b) multinomial, γ = 0.25",δ = 0.5,86,1.7606358963993443
"(b) multinomial, γ = 0.25",δ = 0.5,88,1.7848266192003246
"(b) multinomial, γ = 0.25",δ = 0.5,90,1.8208732133949526
"(b) multinomial, γ = 0.25",δ = 0.5,92,1.8394958351505537
"(b) multinomial, γ = 0.25",δ = 0.5,94,1.8674608239740973
"(b) multinomial, γ = 0.25",δ = 0.5,96,1.8903321283720376
"(b) multinomial, γ = 0.25",δ = 0.5,98,1.9245990836153541
"(b) multinomial, γ = 0.25",δ = 0.5,100,1.9329687012468666
"(b) multinomial, γ = 0.25",δ = 0.5,102,1.9573705184265011
"(b) multinomial, γ = 0.25",δ = 0.5,104,2.0063949045042238
"(b) multinomial, γ = 0.25",δ = 0.5,106,1.987376514102205
"(b) multinomial, γ = 0.25",δ = 0.5,108,2.0133333333333336
"(b) multinomial, γ = 0.25",δ = 0.5,110,2.003754052529976
"(b) multinomial, γ = 0.25",δ = 0.5,112,2.0163333057805697
"(b) multinomial, γ = 0.25",δ = 0.5,114,2.018034478866686
"(b) multinomial, γ = 0.25",δ = 0.5,116,2.043446491400837
"(b) multinomial, γ = 0.25",δ = 0.5,118,2.066448685424229
"(b) multinomial, γ = 0.25",δ = 0.5,120,2.0786705152840144
"(b) multinomial, γ = 0.25",δ = 0.5,122,2.0971059944391386
"(b) multinomial, γ = 0.25",δ = 0.5,124,2.0884207131870762
"(b) multinomial, γ = 0.25",δ = 0.5,126,2.112927205480912
"(b) multinomial, γ = 0.25",δ = 0.5,128,2.11676738605513
"(b) multinomial, γ = 0.25",δ = 0.5,130,2.1632112880907126
"(b) multinomial, γ = 0.25",δ = 0.5,132,2.1548010759157505
"(b) multinomial, γ = 0.25",δ = 0.5,134,2.144645072631411
"(b) multinomial, γ = 0.25",δ = 0.5,136,2.14663987317343
"(b) multinomial, γ = 0.25",δ = 0.5,138,2.144788988866571
"(b) multinomial, γ = 0.25",δ = 0.5,140,2.1645463617998466
"(b) multinomial, γ = 0.25",δ = 0.5,142,2.155063041679993
"(b) multinomial, γ = 0.25",δ = 0.5,144,2.1708370121529925
"(b) multinomial, γ = 0.25",δ = 0.5,146,2.1769410065775143
"(b) multinomial, γ = 0.25",δ = 0.5,148,2.1925549701882727
"(b) multinomial, γ = 0.25",δ = 0.5,150,2.2099443934683562
"(b) multinomial, γ = 0.25",δ = 0.5,152,2.2197083734486145
"(b) multinomial, γ = 0.25",δ = 0.5,154,2.2313011365355333
"(b) multinomial, γ = 0.25",δ = 0.5,156,2.2354417907876734
"(b) multinomial, γ = 0.25",δ = 0.5,158,2.2451327571095687
"(b) multinomial, γ = 0.25",δ = 0.5,160,2.2620941624963358
"(b) multinomial, γ = 0.25",δ = 0.5,162,2.25534500020703
"(b) multinomial, γ = 0.25",δ = 0.5,164,2.2920442113246122
"(b) multinomial, γ = 0.25",δ = 0.5,166,2.317628617712198
"(b) multinomial, γ = 0.25",δ = 0.5,168,2.33229977108909
"(b) multinomial, γ = 0.25",δ = 0.5,170,2.361049284849894
"(b) multinomial, γ = 0.25",δ = 0.5,172,2.380739250704486
"(b) multinomial, γ = 0.25",δ = 0.5,174,2.4037830975519876
"(b) multinomial, γ = 0.25",δ = 0.5,176,2.4301240771415418
"(b) multinomial, γ = 0.25",δ = 0.5,178,2.4527834834080644
"(b) multinomial, γ = 0.25",δ = 0.5,180,2.4614960822562693
"(b) multinomial, γ = 0.25",δ = 0.5,182,2.4770353306531634
"(b) multinomial, γ = 0.25",δ = 0.5,184,2.4890740959385806
"(b) multinomial, γ = 0.25",δ = 0.5,186,2.4925891592570726
"(b) multinomial, γ = 0.25",δ = 0.5,188,2.497822597883295
"(b) multinomial, γ = 0.25",δ = 0.5,190,2.509772618483839
"(b) multinomial, γ = 0.25",δ = 0.5,192,2.5133333333333328
"(b) multinomial, γ = 0.25",δ = 0.5,194,2.511950817037725
"(b) multinomial, γ = 0.25",δ = 0.5,196,2.5510050855102944
"(b) multinomial, γ = 0.25",δ = 0.5,198,2.6041805234403044
"(b) multinomial, γ = 0.25",δ = 0.5,200,2.599321074128678
"(b) multinomial, γ = 0.25",δ = 1,2,0.5334444328727811
"(b) multinomial, γ = 0.25",δ = 1,4,0.7082163302059411
"(b) multinomial, γ = 0.25",δ = 1,6,0.854813531034404
"(b) multinomial, γ = 0.25",δ = 1,8,0.9308061022576077
"(b) multinomial, γ = 0.25",δ = 1,10,1.0662332452767234
"(b) multinomial, γ = 0.25",δ = 1,12,1.1711111111111112
"(b) multinomial, γ = 0.25",δ = 1,14,1.2488284456931968
"(b) multinomial, γ = 0.25",δ = 1,16,1.3356036227253343
"(b) multinomial, γ = 0.25",δ = 1,18,1.4334051087397857
"(b) multinomial, γ = 0.25",δ = 1,20,1.552635990346262
"(b) multinomial, γ = 0.25",δ = 1,22,1.6362962200852629
"(b) multinomial, γ = 0.25",δ = 1,24,1.7363399849136332
"(b) multinomial, γ = 0.25",δ = 1,26,1.787488011236268
"(b) multinomial, γ = 0.25",δ = 1,28,1.8810382138342545
"(b) multinomial, γ = 0.25",δ = 1,30,1.9592066925665426
"(b) multinomial, γ = 0.25",δ = 1,32,2.011303244351965
"(b) multinomial, γ = 0.25",δ = 1,34,2.0542261024956074
"(b) multinomial, γ = 0.25",δ = 1,36,2.1143849858322294
"(b) multinomial, γ = 0.25",δ = 1,38,2.177874207197966
"(b) multinomial, γ = 0.25",δ = 1,40,2.2639199043546863
"(b) multinomial, γ = 0.25",δ = 1,42,2.311512785607013
"(b) multinomial, γ = 0.25",δ = 1,44,2.341924731457321
"(b) multinomial, γ = 0.25",δ = 1,46,2.4016784254473493
"(b) multinomial, γ = 0.25",δ = 1,48,2.4633333333333334
"(b) multinomial, γ = 0.25",δ = 1,50,2.4756176333728654
"(b) multinomial, γ = 0.25",δ = 1,52,2.516147056790602
"(b) multinomial, γ = 0.25",δ = 1,54,2.5612978962979387
"(b) multinomial, γ = 0.25",δ = 1,56,2.6169848153570783
"(b) multinomial, γ = 0.25",δ = 1,58,2.676591492529248
"(b) multinomial, γ = 0.25",δ = 1,60,2.7061391567697455
"(b) multinomial, γ = 0.25",δ = 1,62,2.762831647002296
"(b) multinomial, γ = 0.25",δ = 1,64,2.8347898217210625
"(b) multinomial, γ = 0.25",δ = 1,66,2.8701554215161957
"(b) multinomial, γ = 0.25",δ = 1,68,2.9153831349463157
"(b) multinomial, γ = 0.25",δ = 1,70,2.9424395450357985
"(b) multinomial, γ = 0.25",δ = 1,72,2.9974496704280074
"(b) multinomial, γ = 0.25",δ = 1,74,3.0568921128148094
"(b) multinomial, γ = 0.25",δ = 1,76,3.101171758674956
"(b) multinomial, γ = 0.25",δ = 1,78,3.1326283986072596
"(b) multinomial, γ = 0.25",δ = 1,80,3.1861742994799687
"(b) multinomial, γ = 0.25",δ = 1,82,3.2184872475437314
"(b) multinomial, γ = 0.25",δ = 1,84,3.2614134415440645
"(b) multinomial, γ = 0.25",δ = 1,86,3.2971455825074
"(b) multinomial, γ = 0.25",δ = 1,88,3.3489091645777127
"(b) multinomial, γ = 0.25",δ = 1,90,3.382085362491159
"(b) multinomial, γ = 0.25",δ = 1,92,3.4165505105741296
"(b) multinomial, γ = 0.25",δ = 1,94,3.453055749771832
"(b) multinomial, γ = 0.25",δ = 1,96,3.4954645216655007
"(b) multinomial, γ = 0.25",δ = 1,98,3.5467056243917696
"(b) multinomial, γ = 0.25",δ = 1,100,3.5988166779486663
"(b) multinomial, γ = 0.25",δ = 1,102,3.6388188687570544
"(b) multinomial, γ = 0.25",δ = 1,104,3.672351847408972
"(b) multinomial, γ = 0.25",δ = 1,106,3.7160501411166145
"(b) multinomial, γ = 0.25",δ = 1,108,3.763703703703704
"(b) multinomial, γ = 0.25",δ = 1,110,3.8041967964332843
"(b) multinomial, γ = 0.25",δ = 1,112,3.846454011893092
"(b) multinomial, γ = 0.25",δ = 1,114,3.883941313917412
"(b) multinomial, γ = 0.25",δ = 1,116,3.9246466191962206
"(b) multinomial, γ = 0.25",δ = 1,118,3.9493547749894486
"(b) multinomial, γ = 0.25",δ = 1,120,3.976037111385042
"(b) multinomial, γ = 0.25",δ = 1,122,3.999067529442265
"(b) multinomial, γ = 0.25",δ = 1,124,4.042729007189019
"(b) multinomial, γ = 0.25",δ = 1,126,4.059892585669263
"(b) multinomial, γ = 0.25",δ = 1,128,4.103575732979263
"(b) multinomial, γ = 0.25",δ = 1,130,4.143454330528308
"(b) multinomial, γ = 0.25",δ = 1,132,4.166886782064693
"(b) multinomial, γ = 0.25",δ = 1,134,4.195524267668704
"(b) multinomial, γ = 0.25",δ = 1,136,4.236511287216198
"(b) multinomial, γ = 0.25",δ = 1,138,4.260744884085072
"(b) multinomial, γ = 0.25",δ = 1,140,4.291357920779017
"(b) multinomial, γ = 0.25",δ = 1,142,4.3243381297979235
"(b) multinomial, γ = 0.25",δ = 1,144,4.357070031484375
"(b) multinomial, γ = 0.25",δ = 1,146,4.398478404861328
"(b) multinomial, γ = 0.25",δ = 1,148,4.42497457619815
"(b) multinomial, γ = 0.25",δ = 1,150,4.4481730581841745
"(b) multinomial, γ = 0.25",δ = 1,152,4.4881192090994775
"(b) multinomial, γ = 0.25",δ = 1,154,4.520912616922704
"(b) multinomial, γ = 0.25",δ = 1,156,4.5577866123173
"(b) multinomial, γ = 0.25",δ = 1,158,4.594376962312053
"(b) multinomial, γ = 0.25",δ = 1,160,4.611823934193499
"(b) multinomial, γ = 0.25",δ = 1,162,4.65342569900587
"(b) multinomial, γ = 0.25",δ = 1,164,4.668244255218186
"(b) multinomial, γ = 0.25",δ = 1,166,4.702772583143261
"(b) multinomial, γ = 0.25",δ = 1,168,4.729336154108078
"(b) multinomial, γ = 0.25",δ = 1,170,4.763427264358326
"(b) multinomial, γ = 0.25",δ = 1,172,4.791413832224044
"(b) multinomial, γ = 0.25",δ = 1,174,4.8169035414406665
"(b) multinomial, γ = 0.25",δ = 1,176,4.844000906393885
"(b) multinomial, γ = 0.25",δ = 1,178,4.858830795996075
"(b) multinomial, γ = 0.25",δ = 1,180,4.894877174295626
"(b) multinomial, γ = 0.25",δ = 1,182,4.918121979935411
"(b) multinomial, γ = 0.25",δ = 1,184,4.943530426292973
"(b) multinomial, γ = 0.25",δ = 1,186,4.980662758443027
"(b) multinomial, γ = 0.25",δ = 1,188,5.015295407258142
"(b) multinomial, γ = 0.25",δ = 1,190,5.045234943342902
"(b) multinomial, γ = 0.25",δ = 1,192,5.063888888888888
"(b) multinomial, γ = 0.25",δ = 1,194,5.092434505651397
"(b) multinomial, γ = 0.25",δ = 1,196,5.113118401308029
"(b) multinomial, γ = 0.25",δ = 1,198,5.1377918625380286
"(b) multinomial, γ = 0.25",δ = 1,200,5.166746377762856
"(b) multinomial, γ = 0.25",δ = 2,2,1.0287856919689349
"(b) multinomial, γ = 0.25",δ = 2,4,1.4241306640010771
"(b) multinomial, γ = 0.25",δ = 2,6,1.747339423732091
"(b) multinomial, γ = 0.25",δ = 2,8,2.033076486510038
"(b) multinomial, γ = 0.25",δ = 2,10,2.305303386477299
"(b) multinomial, γ = 0.25",δ = 2,12,2.533333333333333
"(b) multinomial, γ = 0.25",δ = 2,14,2.7321979833287733
"(b) multinomial, γ = 0.25",δ = 2,16,2.959882380045481
"(b) multinomial, γ = 0.25",δ = 2,18,3.1407901813019863
"(b) multinomial, γ = 0.25",δ = 2,20,3.3273230258750823
"(b) multinomial, γ = 0.25",δ = 2,22,3.5089281028508443
"(b) multinomial, γ = 0.25",δ = 2,24,3.6565277329357695
"(b) multinomial, γ = 0.25",δ = 2,26,3.8527613215160104
"(b) multinomial, γ = 0.25",δ = 2,28,3.990477819448848
"(b) multinomial, γ = 0.25",δ = 2,30,4.113771871694598
"(b) multinomial, γ = 0.25",δ = 2,32,4.2689162906171285
"(b) multinomial, γ = 0.25",δ = 2,34,4.38965410719659
"(b) multinomial, γ = 0.25",δ = 2,36,4.53540711463406
"(b) multinomial, γ = 0.25",δ = 2,38,4.666694903841054
"(b) multinomial, γ = 0.25",δ = 2,40,4.800483926223056
"(b) multinomial, γ = 0.25",δ = 2,42,4.937799922799769
"(b) multinomial, γ = 0.25",δ = 2,44,5.048252022715237
"(b) multinomial, γ = 0.25",δ = 2,46,5.152939532859625
"(b) multinomial, γ = 0.25",δ = 2,48,5.267777777777778
"(b) multinomial, γ = 0.25",δ = 2,50,5.377990813043955
"(b) multinomial, γ = 0.25",δ = 2,52,5.480652944235448
"(b) multinomial, γ = 0.25",δ = 2,54,5.581429526165815
"(b) multinomial, γ = 0.25",δ = 2,56,5.695850991600685
"(b) multinomial, γ = 0.25",δ = 2,58,5.8130957981630305
"(b) multinomial, γ = 0.25",δ = 2,60,5.933033700299442
"(b) multinomial, γ = 0.25",δ = 2,62,6.035017606845426
"(b) multinomial, γ = 0.25",δ = 2,64,6.15551612001006
"(b) multinomial, γ = 0.25",δ = 2,66,6.231146270019974
"(b) multinomial, γ = 0.25",δ = 2,68,6.33953470042281
"(b) multinomial, γ = 0.25",δ = 2,70,6.430490925658285
"(b) multinomial, γ = 0.25",δ = 2,72,6.520178807919518
"(b) multinomial, γ = 0.25",δ = 2,74,6.603280708565714
"(b) multinomial, γ = 0.25",δ = 2,76,6.687122360035717
"(b) multinomial, γ = 0.25",δ = 2,78,6.775158748573798
"(b) multinomial, γ = 0.25",δ = 2,80,6.8672298043086615
"(b) multinomial, γ = 0.25",δ = 2,82,6.971688831776582
"(b) multinomial, γ = 0.25",δ = 2,84,7.067095724221417
"(b) multinomial, γ = 0.25",δ = 2,86,7.156266884893327
"(b) multinomial, γ = 0.25",δ = 2,88,7.2353178397651785
"(b) multinomial, γ = 0.25",δ = 2,90,7.338670829743291
"(b) multinomial, γ = 0.25",δ = 2,92,7.418978839499003
"(b) multinomial, γ = 0.25",δ = 2,94,7.494456937708974
"(b) multinomial, γ = 0.25",δ = 2,96,7.5809703685211085
"(b) multinomial, γ = 0.25",δ = 2,98,7.654072234353911
"(b) multinomial, γ = 0.25",δ = 2,100,7.731874804987468
"(b) multinomial, γ = 0.25",δ = 2,102,7.822622130300303
"(b) multinomial, γ = 0.25",δ = 2,104,7.907822806465856
"(b) multinomial, γ = 0.25",δ = 2,106,7.977918512216152
"(b) multinomial, γ = 0.25",δ = 2,108,8.057037037037038
"(b) multinomial, γ = 0.25",δ = 2,110,8.136856200127223
"(b) multinomial, γ = 0.25",δ = 2,112,8.200628315068595
"(b) multinomial, γ = 0.25",δ = 2,114,8.271129525387146
"(b) multinomial, γ = 0.25",δ = 2,116,8.346038712867285
"(b) multinomial, γ = 0.25",δ = 2,118,8.426660260075277
"(b) multinomial, γ = 0.25",δ = 2,120,8.486147783154077
"(b) multinomial, γ = 0.25",δ = 2,122,8.557084546269106
"(b) multinomial, γ = 0.25",δ = 2,124,8.63158590693606
"(b) multinomial, γ = 0.25",δ = 2,126,8.6965368038635
"(b) multinomial, γ = 0.25",δ = 2,128,8.76168872717194
"(b) multinomial, γ = 0.25",δ = 2,130,8.825010844767073
"(b) multinomial, γ = 0.25",δ = 2,132,8.8952546902542
"(b) multinomial, γ = 0.25",δ = 2,134,8.962953888039117
"(b) multinomial, γ = 0.25",δ = 2,136,9.036086477205131
"(b) multinomial, γ = 0.25",δ = 2,138,9.09749634354861
"(b) multinomial, γ = 0.25",δ = 2,140,9.154593284305875
"(b) multinomial, γ = 0.25",δ = 2,142,9.234600174105365
"(b) multinomial, γ = 0.25",δ = 2,144,9.296622334551174
"(b) multinomial, γ = 0.25",δ = 2,146,9.360782619152303
"(b) multinomial, γ = 0.25",δ = 2,148,9.433997705782673
"(b) multinomial, γ = 0.25",δ = 2,150,9.504772217869307
"(b) multinomial, γ = 0.25",δ = 2,152,9.572531384905966
"(b) multinomial, γ = 0.25",δ = 2,154,9.639816419728158
"(b) multinomial, γ = 0.25",δ = 2,156,9.705404433287425
"(b) multinomial, γ = 0.25",δ = 2,158,9.755855106589042
"(b) multinomial, γ = 0.25",δ = 2,160,9.830402745978832
"(b) multinomial, γ = 0.25",δ = 2,162,9.893519311715366
"(b) multinomial, γ = 0.25",δ = 2,164,9.970662820152466
"(b) multinomial, γ = 0.25",δ = 2,166,10.03529009102709
"(b) multinomial, γ = 0.25",δ = 2,168,10.101287116547809
"(b) multinomial, γ = 0.25",δ = 2,170,10.163316426458133
"(b) multinomial, γ = 0.25",δ = 2,172,10.222621989711376
"(b) multinomial, γ = 0.25",δ = 2,174,10.28216906913534
"(b) multinomial, γ = 0.25",δ = 2,176,10.330348363264296
"(b) multinomial, γ = 0.25",δ = 2,178,10.390431655895654
"(b) multinomial, γ = 0.25",δ = 2,180,10.445579528549041
"(b) multinomial, γ = 0.25",δ = 2,182,10.510139082078007
"(b) multinomial, γ = 0.25",δ = 2,184,10.582253686038923
"(b) multinomial, γ = 0.25",δ = 2,186,10.649948427731532
"(b) multinomial, γ = 0.25",δ = 2,188,10.704873785983544
"(b) multinomial, γ = 0.25",δ = 2,190,10.778507240039628
"(b) multinomial, γ = 0.25",δ = 2,192,10.843888888888888
"(b) multinomial, γ = 0.25",δ = 2,194,10.91054369178036
"(b) multinomial, γ = 0.25",δ = 2,196,10.964706398009836
"(b) multinomial, γ = 0.25",δ = 2,198,11.03446832468063
"(b) multinomial, γ = 0.25",δ = 2,200,11.076499771100476
"(b) multinomial, γ = 0.25",δ = 5,2,2.0303548312402793
"(b) multinomial, γ = 0.25",δ = 5,4,2.8405633244129587
"(b) multinomial, γ = 0.25",δ = 5,6,3.494678847464181
"(b) multinomial, γ = 0.25",δ = 5,8,4.08248290463863
"(b) multinomial, γ = 0.25",δ = 5,10,4.566788968354185
"(b) multinomial, γ = 0.25",δ = 5,12,5.035555555555555
"(b) multinomial, γ = 0.25",δ = 5,14,5.4253057846671515
"(b) multinomial, γ = 0.25",δ = 5,16,5.827388717020623
"(b) multinomial, γ = 0.25",δ = 5,18,6.178157462353127
"(b) multinomial, γ = 0.25",δ = 5,20,6.508333347560108
"(b) multinomial, γ = 0.25",δ = 5,22,6.824192259894206
"(b) multinomial, γ = 0.25",δ = 5,24,7.135493096373584
"(b) multinomial, γ = 0.25",δ = 5,26,7.447363479247054
"(b) multinomial, γ = 0.25",δ = 5,28,7.7321872440286645
"(b) multinomial, γ = 0.25",δ = 5,30,7.988616097954251
"(b) multinomial, γ = 0.25",δ = 5,32,8.242532984465393
"(b) multinomial, γ = 0.25",δ = 5,34,8.5152688695994
"(b) multinomial, γ = 0.25",δ = 5,36,8.757762083307522
"(b) multinomial, γ = 0.25",δ = 5,38,9.008706726333788
"(b) multinomial, γ = 0.25",δ = 5,40,9.249208254403905
"(b) multinomial, γ = 0.25",δ = 5,42,9.475301896601819
"(b) multinomial, γ = 0.25",δ = 5,44,9.703088542970596
"(b) multinomial, γ = 0.25",δ = 5,46,9.921111113816295
"(b) multinomial, γ = 0.25",δ = 5,48,10.13888888888889
"(b) multinomial, γ = 0.25",δ = 5,50,10.368417915674218
"(b) multinomial, γ = 0.25",δ = 5,52,10.567390630110383
"(b) multinomial, γ = 0.25",δ = 5,54,10.770021951672437
"(b) multinomial, γ = 0.25",δ = 5,56,10.985369828301195
"(b) multinomial, γ = 0.25",δ = 5,58,11.199635097138998
"(b) multinomial, γ = 0.25",δ = 5,60,11.397983837308926
"(b) multinomial, γ = 0.25",δ = 5,62,11.593920913588192
"(b) multinomial, γ = 0.25",δ = 5,64,11.788530246403509
"(b) multinomial, γ = 0.25",δ = 5,66,11.966719319355574
"(b) multinomial, γ = 0.25",δ = 5,68,12.15163056919507
"(b) multinomial, γ = 0.25",δ = 5,70,12.323650802441993
"(b) multinomial, γ = 0.25",δ = 5,72,12.502377090849992
"(b) multinomial, γ = 0.25",δ = 5,74,12.669636572960208
"(b) multinomial, γ = 0.25",δ = 5,76,12.848846885102303
"(b) multinomial, γ = 0.25",δ = 5,78,13.01078021870077
"(b) multinomial, γ = 0.25",δ = 5,80,13.182774647524223
"(b) multinomial, γ = 0.25",δ = 5,82,13.346605860125884
"(b) multinomial, γ = 0.25",δ = 5,84,13.514329712707703
"(b) multinomial, γ = 0.25",δ = 5,86,13.670868730693446
"(b) multinomial, γ = 0.25",δ = 5,88,13.832201146317548
"(b) multinomial, γ = 0.25",δ = 5,90,13.99816568818018
"(b) multinomial, γ = 0.25",δ = 5,92,14.150955744055215
"(b) multinomial, γ = 0.25",δ = 5,94,14.30290785844787
"(b) multinomial, γ = 0.25",δ = 5,96,14.45954800106358
"(b) multinomial, γ = 0.25",δ = 5,98,14.612955951232216
"(b) multinomial, γ = 0.25",δ = 5,100,14.772468887665225
"(b) multinomial, γ = 0.25",δ = 5,102,14.921901339266206
"(b) multinomial, γ = 0.25",δ = 5,104,15.075891283957244
"(b) multinomial, γ = 0.25",δ = 5,106,15.229076312729012
"(b) multinomial, γ = 0.25",δ = 5,108,15.3762962962963
"(b) multinomial, γ = 0.25",δ = 5,110,15.535332701776367
"(b) multinomial, γ = 0.25",δ = 5,112,15.683319771260773
"(b) multinomial, γ = 0.25",δ = 5,114,15.834252670550253
"(b) multinomial, γ = 0.25",δ = 5,116,15.975191510773032
"(b) multinomial, γ = 0.25",δ = 5,118,16.118441478043245
"(b) multinomial, γ = 0.25",δ = 5,120,16.255512630003324
"(b) multinomial, γ = 0.25",δ = 5,122,16.390740703629
"(b) multinomial, γ = 0.25",δ = 5,124,16.53246651965208
"(b) multinomial, γ = 0.25",δ = 5,126,16.662704417906433
"(b) multinomial, γ = 0.25",δ = 5,128,16.805540876944924
"(b) multinomial, γ = 0.25",δ = 5,130,16.947180568778077
"(b) multinomial, γ = 0.25",δ = 5,132,17.07492245604384
"(b) multinomial, γ = 0.25",δ = 5,134,17.21235609764924
"(b) multinomial, γ = 0.25",δ = 5,136,17.347384952951334
"(b) multinomial, γ = 0.25",δ = 5,138,17.486615999970798
"(b) multinomial, γ = 0.25",δ = 5,140,17.62020111711008
"(b) multinomial, γ = 0.25",δ = 5,142,17.75343000942733
"(b) multinomial, γ = 0.25",δ = 5,144,17.885669839195504
"(b) multinomial, γ = 0.25",δ = 5,146,18.01439388410471
"(b) multinomial, γ = 0.25",δ = 5,148,18.142838702810433
"(b) multinomial, γ = 0.25",δ = 5,150,18.2728963045825
"(b) multinomial, γ = 0.25",δ = 5,152,18.395794120546576
"(b) multinomial, γ = 0.25",δ = 5,154,18.51663578692957
"(b) multinomial, γ = 0.25",δ = 5,156,18.6379265931677
"(b) multinomial, γ = 0.25",δ = 5,158,18.765782308606493
"(b) multinomial, γ = 0.25",δ = 5,160,18.89825397578658
"(b) multinomial, γ = 0.25",δ = 5,162,19.02316071105168
"(b) multinomial, γ = 0.25",δ = 5,164,19.143648570169145
"(b) multinomial, γ = 0.25",δ = 5,166,19.27055318563329
"(b) multinomial, γ = 0.25",δ = 5,168,19.392475713165513
"(b) multinomial, γ = 0.25",δ = 5,170,19.511276748295685
"(b) multinomial, γ = 0.25",δ = 5,172,19.629359472894343
"(b) multinomial, γ = 0.25",δ = 5,174,19.750821838686445
"(b) multinomial, γ = 0.25",δ = 5,176,19.876767015874766
"(b) multinomial, γ = 0.25",δ = 5,178,19.993849274772117
"(b) multinomial, γ = 0.25",δ = 5,180,20.111972185372206
"(b) multinomial, γ = 0.25",δ = 5,182,20.231119015965888
"(b) multinomial, γ = 0.25",δ = 5,184,20.354678659149357
"(b) multinomial, γ = 0.25",δ = 5,186,20.471291582412928
"(b) multinomial, γ = 0.25",δ = 5,188,20.586122993164032
"(b) multinomial, γ = 0.25",δ = 5,190,20.69976014777559
"(b) multinomial, γ = 0.25",δ = 5,192,20.81888888888889
"(b) multinomial, γ = 0.25",δ = 5,194,20.932923475314375
"(b) multinomial, γ = 0.25",δ = 5,196,21.04689167025839
"(b) multinomial, γ = 0.25",δ = 5,198,21.159700835993917
"(b) multinomial, γ = 0.25",δ = 5,200,21.274634912652832
"(b) multinomial, γ = 0.25",δ = 10,2,2.4004999479275155
"(b) multinomial, γ = 0.25",δ = 10,4,3.3832725774512067
"(b) multinomial, γ = 0.25",δ = 10,6,4.157787873376898
"(b) multinomial, γ = 0.25",δ = 10,8,4.800999895855031
"(b) multinomial, γ = 0.25",δ = 10,10,5.367681063550629
"(b) multinomial, γ = 0.25",δ = 10,12,5.886666666666667
"(b) multinomial, γ = 0.25",δ = 10,14,6.36347015243667
"(b) multinomial, γ = 0.25",δ = 10,16,6.812733176437584
"(b) multinomial, γ = 0.25",δ = 10,18,7.228716396480134
"(b) multinomial, γ = 0.25",δ = 10,20,7.632359180926085
"(b) multinomial, γ = 0.25",δ = 10,22,8.000946913656627
"(b) multinomial, γ = 0.25",δ = 10,24,8.34857406320917
"(b) multinomial, γ = 0.25",δ = 10,26,8.686829405957337
"(b) multinomial, γ = 0.25",δ = 10,28,9.016763224551205
"(b) multinomial, γ = 0.25",δ = 10,30,9.339260023030615
"(b) multinomial, γ = 0.25",δ = 10,32,9.650989586565725
"(b) multinomial, γ = 0.25",δ = 10,34,9.945041921657717
"(b) multinomial, γ = 0.25",δ = 10,36,10.238344773629363
"(b) multinomial, γ = 0.25",δ = 10,38,10.512239149192933
"(b) multinomial, γ = 0.25",δ = 10,40,10.786482899135072
"(b) multinomial, γ = 0.25",δ = 10,42,11.053924965497874
"(b) multinomial, γ = 0.25",δ = 10,44,11.31504763712036
"(b) multinomial, γ = 0.25",δ = 10,46,11.566873739949877
"(b) multinomial, γ = 0.25",δ = 10,48,11.816666666666668
"(b) multinomial, γ = 0.25",δ = 10,50,12.058021507140657
"(b) multinomial, γ = 0.25",δ = 10,52,12.294639649154588
"(b) multinomial, γ = 0.25",δ = 10,54,12.529932162625624
"(b) multinomial, γ = 0.25",δ = 10,56,12.767059175863483
"(b) multinomial, γ = 0.25",δ = 10,58,12.99076807476809
"(b) multinomial, γ = 0.25",δ = 10,60,13.216652459008756
"(b) multinomial, γ = 0.25",δ = 10,62,13.441674562857244
"(b) multinomial, γ = 0.25",δ = 10,64,13.662994120372494
"(b) multinomial, γ = 0.25",δ = 10,66,13.877945296641203
"(b) multinomial, γ = 0.25",δ = 10,68,14.089618205489836
"(b) multinomial, γ = 0.25",δ = 10,70,14.298158389573585
"(b) multinomial, γ = 0.25",δ = 10,72,14.500979277276413
"(b) multinomial, γ = 0.25",δ = 10,74,14.7063714818497
"(b) multinomial, γ = 0.25",δ = 10,76,14.903638081695876
"(b) multinomial, γ = 0.25",δ = 10,78,15.100942405640172
"(b) multinomial, γ = 0.25",δ = 10,80,15.293120239724356
"(b) multinomial, γ = 0.25",δ = 10,82,15.482912900030106
"(b) multinomial, γ = 0.25",δ = 10,84,15.665367524655771
"(b) multinomial, γ = 0.25",δ = 10,86,15.85568423249593
"(b) multinomial, γ = 0.25",δ = 10,88,16.02897395532871
"(b) multinomial, γ = 0.25",δ = 10,90,16.212587702152916
"(b) multinomial, γ = 0.25",δ = 10,92,16.391737756158335
"(b) multinomial, γ = 0.25",δ = 10,94,16.56656891676001
"(b) multinomial, γ = 0.25",δ = 10,96,16.746645601101402
"(b) multinomial, γ = 0.25",δ = 10,98,16.91780915682248
"(b) multinomial, γ = 0.25",δ = 10,100,17.08725856693616
"(b) multinomial, γ = 0.25",δ = 10,102,17.25733096094019
"(b) multinomial, γ = 0.25",δ = 10,104,17.428008109553613
"(b) multinomial, γ = 0.25",δ = 10,106,17.594787106791983
"(b) multinomial, γ = 0.25",δ = 10,108,17.757777777777775
"(b) multinomial, γ = 0.25",δ = 10,110,17.9258920237874
"(b) multinomial, γ = 0.25",δ = 10,112,18.08808092166141
"(b) multinomial, γ = 0.25",δ = 10,114,18.244502496506424
"(b) multinomial, γ = 0.25",δ = 10,116,18.401739547955913
"(b) multinomial, γ = 0.25",δ = 10,118,18.55551864854185
"(b) multinomial, γ = 0.25",δ = 10,120,18.714359192876472
"(b) multinomial, γ = 0.25",δ = 10,122,18.873953949952245
"(b) multinomial, γ = 0.25",δ = 10,124,19.030137501692767
"(b) multinomial, γ = 0.25",δ = 10,126,19.185049845286755
"(b) multinomial, γ = 0.25",δ = 10,128,19.338721519273196
"(b) multinomial, γ = 0.25",δ = 10,130,19.489156380158082
"(b) multinomial, γ = 0.25",δ = 10,132,19.64245906142605
"(b) multinomial, γ = 0.25",δ = 10,134,19.79258024704765
"(b) multinomial, γ = 0.25",δ = 10,136,19.935630630292362
"(b) multinomial, γ = 0.25",δ = 10,138,20.08356032104572
"(b) multinomial, γ = 0.25",δ = 10,140,20.228456712077197
"(b) multinomial, γ = 0.25",δ = 10,142,20.374260573005184
"(b) multinomial, γ = 0.25",δ = 10,144,20.519028566999303
"(b) multinomial, γ = 0.25",δ = 10,146,20.66469373407909
"(b) multinomial, γ = 0.25",δ = 10,148,20.809339898877788
"(b) multinomial, γ = 0.25",δ = 10,150,20.951102522036607
"(b) multinomial, γ = 0.25",δ = 10,152,21.093785648442914
"(b) multinomial, γ = 0.25",δ = 10,154,21.23364968129311
"(b) multinomial, γ = 0.25",δ = 10,156,21.374447561212165
"(b) multinomial, γ = 0.25",δ = 10,158,21.508812755713357
"(b) multinomial, γ = 0.25",δ = 10,160,21.645995472604163
"(b) multinomial, γ = 0.25",δ = 10,162,21.78412877915174
"(b) multinomial, γ = 0.25",δ = 10,164,21.91598214022661
"(b) multinomial, γ = 0.25",δ = 10,166,22.05063206117205
"(b) multinomial, γ = 0.25",δ = 10,168,22.186246561956732
"(b) multinomial, γ = 0.25",δ = 10,170,22.31572388583932
"(b) multinomial, γ = 0.25",δ = 10,172,22.444454504052807
"(b) multinomial, γ = 0.25",δ = 10,174,22.574201937243497
"(b) multinomial, γ = 0.25",δ = 10,176,22.70668944286123
"(b) multinomial, γ = 0.25",δ = 10,178,22.838408807400143
"(b) multinomial, γ = 0.25",δ = 10,180,22.969373231907454
"(b) multinomial, γ = 0.25",δ = 10,182,23.099595543769038
"(b) multinomial, γ = 0.25",δ = 10,184,23.225683185221698
"(b) multinomial, γ = 0.25",δ = 10,186,23.352783352795036
"(b) multinomial, γ = 0.25",δ = 10,188,23.47919555933455
"(b) multinomial, γ = 0.25",δ = 10,190,23.604930855686785
"(b) multinomial, γ = 0.25",δ = 10,192,23.73166666666667
"(b) multinomial, γ = 0.25",δ = 10,194,23.854413468463203
"(b) multinomial, γ = 0.25",δ = 10,196,23.978181465543997
"(b) multinomial, γ = 0.25",δ = 10,198,24.10131393375335
"(b) multinomial, γ = 0.25",δ = 10,200,24.220554576640065
"(c) 8 beams, γ = 0.25",δ = 0.5,2,0.40824829046386296
"(c) 8 beams, γ = 0.25",δ = 0.5,4,0.5658032638058333
"(c) 8 beams, γ = 0.25",δ = 0.5,6,0.5751135153650587
"(c) 8 beams, γ = 0.25",δ = 0.5,8,0.6205374015050719
"(c) 8 beams, γ = 0.25",δ = 0.5,10,0.6864789387398083
"(c) 8 beams, γ = 0.25",δ = 0.5,12,0.8333333333333333
"(c) 8 beams, γ = 0.25",δ = 0.5,14,0.8332380897952961
"(c) 8 beams, γ = 0.25",δ = 0.5,16,0.8891194145520238
"(c) 8 beams, γ = 0.25",δ = 0.5,18,0.9308061022576076
"(c) 8 beams, γ = 0.25",δ = 0.5,20,0.9759918032442688
"(c) 8 beams, γ = 0.25",δ = 0.5,22,0.9650372892779687
"(c) 8 beams, γ = 0.25",δ = 0.5,24,1.0370899457402696
"(c) 8 beams, γ = 0.25",δ = 0.5,26,1.0643404120959197
"(c) 8 beams, γ = 0.25",δ = 0.5,28,1.0736320199610825
"(c) 8 beams, γ = 0.25",δ = 0.5,30,1.146852698087732
"(c) 8 beams, γ = 0.25",δ = 0.5,32,1.1757550765359257
"(c) 8 beams, γ = 0.25",δ = 0.5,34,1.2515464943225165
"(c) 8 beams, γ = 0.25",δ = 0.5,36,1.289415601190164
"(c) 8 beams, γ = 0.25",δ = 0.5,38,1.3636689416629464
"(c) 8 beams, γ = 0.25",δ = 0.5,40,1.4240786495134317
"(c) 8 beams, γ = 0.25",δ = 0.5,42,1.4859725050330794
"(c) 8 beams, γ = 0.25",δ = 0.5,44,1.5458095848865971
"(c) 8 beams, γ = 0.25",δ = 0.5,46,1.5697170427191327
"(c) 8 beams, γ = 0.25",δ = 0.5,48,1.5833333333333337
"(c) 8 beams, γ = 0.25",δ = 0.5,50,1.6297271755317408
"(c) 8 beams, γ = 0.25",δ = 0.5,52,1.6525225472684992
"(c) 8 beams, γ = 0.25",δ = 0.5,54,1.728483242900449
"(c) 8 beams, γ = 0.25",δ = 0.5,56,1.7528860555693637
"(c) 8 beams, γ = 0.25",δ = 0.5,58,1.8133705202407373
"(c) 8 beams, γ = 0.25",δ = 0.5,60,1.8604085572798252
"(c) 8 beams, γ = 0.25",δ = 0.5,62,1.926943091380583
"(c) 8 beams, γ = 0.25",δ = 0.5,64,1.9427836558230904
"(c) 8 beams, γ = 0.25",δ = 0.5,66,1.9728172953439154
"(c) 8 beams, γ = 0.25",δ = 0.5,68,2.0136027608322777
"(c) 8 beams, γ = 0.25",δ = 0.5,70,2.078477464739171
"(c) 8 beams, γ = 0.25",δ = 0.5,72,2.1256127656818466
"(c) 8 beams, γ = 0.25",δ = 0.5,74,2.150384000905734
"(c) 8 beams, γ = 0.25",δ = 0.5,76,2.182829324443192
"(c) 8 beams, γ = 0.25",δ = 0.5,78,2.188656068142133
"(c) 8 beams, γ = 0.25",δ = 0.5,80,2.223092440723057
"(c) 8 beams, γ = 0.25",δ = 0.5,82,2.244270029982951
"(c) 8 beams, γ = 0.25",δ = 0.5,84,2.282905416975732
"(c) 8 beams, γ = 0.25",δ = 0.5,86,2.2960485098729775
"(c) 8 beams, γ = 0.25",δ = 0.5,88,2.3239673496898012
"(c) 8 beams, γ = 0.25",δ = 0.5,90,2.356424158511115
"(c) 8 beams, γ = 0.25",δ = 0.5,92,2.4029016275919535
"(c) 8 beams, γ = 0.25",δ = 0.5,94,2.4391325047824948
"(c) 8 beams, γ = 0.25",δ = 0.5,96,2.481944801964782
"(c) 8 beams, γ = 0.25",δ = 0.5,98,2.5311394008759502
"(c) 8 beams, γ = 0.25",δ = 0.5,100,2.5287941790505606
"(c) 8 beams, γ = 0.25",δ = 0.5,102,2.5724787771376327
"(c) 8 beams, γ = 0.25",δ = 0.5,104,2.6042371785325695
"(c) 8 beams, γ = 0.25",δ = 0.5,106,2.6356291242326093
"(c) 8 beams, γ = 0.25",δ = 0.5,108,2.6800000000000006
"(c) 8 beams, γ = 0.25",δ = 0.5,110,2.728188209983122
"(c) 8 beams, γ = 0.25",δ = 0.5,112,2.7473632380711446
"(c) 8 beams, γ = 0.25",δ = 0.5,114,2.764253016068194
"(c) 8 beams, γ = 0.25",δ = 0.5,116,2.781059915369239
"(c) 8 beams, γ = 0.25",δ = 0.5,118,2.8318000503961662
"(c) 8 beams, γ = 0.25",δ = 0.5,120,2.839725338831205
"(c) 8 beams, γ = 0.25",δ = 0.5,122,2.893713555636857
"(c) 8 beams, γ = 0.25",δ = 0.5,124,2.934573296087103
"(c) 8 beams, γ = 0.25",δ = 0.5,126,2.9564521852736814
"(c) 8 beams, γ = 0.25",δ = 0.5,128,2.998583693457073
"(c) 8 beams, γ = 0.25",δ = 0.5,130,3.0139123564409926
"(c) 8 beams, γ = 0.25",δ = 0.5,132,3.0291839751912653
"(c) 8 beams, γ = 0.25",δ = 0.5,134,3.052378568489356
"(c) 8 beams, γ = 0.25",δ = 0.5,136,3.0971815144310373
"(c) 8 beams, γ = 0.25",δ = 0.5,138,3.1336330414787477
"(c) 8 beams, γ = 0.25",δ = 0.5,140,3.163868036499145
"(c) 8 beams, γ = 0.25",δ = 0.5,142,3.1841444042088383
"(c) 8 beams, γ = 0.25",δ = 0.5,144,3.250482015537593
"(c) 8 beams, γ = 0.25",δ = 0.5,146,3.289302433994647
"(c) 8 beams, γ = 0.25",δ = 0.5,148,3.3106630891847164
"(c) 8 beams, γ = 0.25",δ = 0.5,150,3.3300015348678476
"(c) 8 beams, γ = 0.25",δ = 0.5,152,3.3735820933172618
"(c) 8 beams, γ = 0.25",δ = 0.5,154,3.409294146899997
"(c) 8 beams, γ = 0.25",δ = 0.5,156,3.416953208747411
"(c) 8 beams, γ = 0.25",δ = 0.5,158,3.435677787066197
"(c) 8 beams, γ = 0.25",δ = 0.5,160,3.4835154657328564
"(c) 8 beams, γ = 0.25",δ = 0.5,162,3.5036775506031974
"(c) 8 beams, γ = 0.25",δ = 0.5,164,3.5399549857043384
"(c) 8 beams, γ = 0.25",δ = 0.5,166,3.5508293052497013
"(c) 8 beams, γ = 0.25",δ = 0.5,168,3.57061019194999
"(c) 8 beams, γ = 0.25",δ = 0.5,170,3.6133087330035885
"(c) 8 beams, γ = 0.25",δ = 0.5,172,3.638023144937477
"(c) 8 beams, γ = 0.25",δ = 0.5,174,3.6608233481290644
"(c) 8 beams, γ = 0.25",δ = 0.5,176,3.693927859379908
"(c) 8 beams, γ = 0.25",δ = 0.5,178,3.7406246348940213
"(c) 8 beams, γ = 0.25",δ = 0.5,180,3.7697037903085526
"(c) 8 beams, γ = 0.25",δ = 0.5,182,3.7746115439462518
"(c) 8 beams, γ = 0.25",δ = 0.5,184,3.794901614122502
"(c) 8 beams, γ = 0.25",δ = 0.5,186,3.8184704851390614
"(c) 8 beams, γ = 0.25",δ = 0.5,188,3.8368441523790606
"(c) 8 beams, γ = 0.25",δ = 0.5,190,3.8551313719167655
"(c) 8 beams, γ = 0.25",δ = 0.5,192,3.896666666666667
"(c) 8 beams, γ = 0.25",δ = 0.5,194,3.9378766933759715
"(c) 8 beams, γ = 0.25",δ = 0.5,196,3.9672211354315707
"(c) 8 beams, γ = 0.25",δ = 0.5,198,3.996370407129003
"(c) 8 beams, γ = 0.25",δ = 0.5,200,4.018796171326268
"(c) 8 beams, γ = 0.25",δ = 1,2,0.8001666493091716
"(c) 8 beams, γ = 0.25",δ = 1,4,1.2239825706820067
"(c) 8 beams, γ = 0.25",δ = 1,6,1.2727922061357857
"(c) 8 beams, γ = 0.25",δ = 1,8,1.4288690166235207
"(c) 8 beams, γ = 0.25",δ = 1,10,1.6504706399489002
"(c) 8 beams, γ = 0.25",δ = 1,12,1.7999999999999998
"(c) 8 beams, γ = 0.25",δ = 1,14,1.8516401995451026
"(c) 8 beams, γ = 0.25",δ = 1,16,1.9341234017852467
"(c) 8 beams, γ = 0.25",δ = 1,18,1.9976949680031697
"(c) 8 beams, γ = 0.25",δ = 1,20,2.184362607260983
"(c) 8 beams, γ = 0.25",δ = 1,22,2.3042727111331085
"(c) 8 beams, γ = 0.25",δ = 1,24,2.4324473272817233
"(c) 8 beams, γ = 0.25",δ = 1,26,2.4910094751181107
"(c) 8 beams, γ = 0.25",δ = 1,28,2.644800829660228
"(c) 8 beams, γ = 0.25",δ = 1,30,2.787020711161732
"(c) 8 beams, γ = 0.25",δ = 1,32,2.894480379388789
"(c) 8 beams, γ = 0.25",δ = 1,34,2.946679087898583
"(c) 8 beams, γ = 0.25",δ = 1,36,3.021466408759041
"(c) 8 beams, γ = 0.25",δ = 1,38,3.0869868349732625
"(c) 8 beams, γ = 0.25",δ = 1,40,3.2206086381303765
"(c) 8 beams, γ = 0.25",δ = 1,42,3.3033489500375652
"(c) 8 beams, γ = 0.25",δ = 1,44,3.4362929285654746
"(c) 8 beams, γ = 0.25",δ = 1,46,3.486746749987834
"(c) 8 beams, γ = 0.25",δ = 1,48,3.5866666666666664
"(c) 8 beams, γ = 0.25",δ = 1,50,3.6513727099087907
"(c) 8 beams, γ = 0.25",δ = 1,52,3.727783420582428
"(c) 8 beams, γ = 0.25",δ = 1,54,3.8120912247968097
"(c) 8 beams, γ = 0.25",δ = 1,56,3.919305089037134
"(c) 8 beams, γ = 0.25",δ = 1,58,4.03004919966545
"(c) 8 beams, γ = 0.25",δ = 1,60,4.111383654629614
"(c) 8 beams, γ = 0.25",δ = 1,62,4.176509835808141
"(c) 8 beams, γ = 0.25",δ = 1,64,4.281052246041075
"(c) 8 beams, γ = 0.25",δ = 1,66,4.309497146601406
"(c) 8 beams, γ = 0.25",δ = 1,68,4.374474982503503
"(c) 8 beams, γ = 0.25",δ = 1,70,4.479905611250563
"(c) 8 beams, γ = 0.25",δ = 1,72,4.507061126721048
"(c) 8 beams, γ = 0.25",δ = 1,74,4.574599672338789
"(c) 8 beams, γ = 0.25",δ = 1,76,4.643810443870044
"(c) 8 beams, γ = 0.25",δ = 1,78,4.696327716109048
"(c) 8 beams, γ = 0.25",δ = 1,80,4.787007415912367
"(c) 8 beams, γ = 0.25",δ = 1,82,4.832831485020103
"(c) 8 beams, γ = 0.25",δ = 1,84,4.8883405175860055
"(c) 8 beams, γ = 0.25",δ = 1,86,4.948208664986559
"(c) 8 beams, γ = 0.25",δ = 1,88,5.004900023219668
"(c) 8 beams, γ = 0.25",δ = 1,90,5.060956431347736
"(c) 8 beams, γ = 0.25",δ = 1,92,5.130845058515483
"(c) 8 beams, γ = 0.25",δ = 1,94,5.190302468672906
"(c) 8 beams, γ = 0.25",δ = 1,96,5.258517429423958
"(c) 8 beams, γ = 0.25",δ = 1,98,5.314226318152457
"(c) 8 beams, γ = 0.25",δ = 1,100,5.364738701310002
"(c) 8 beams, γ = 0.25",δ = 1,102,5.414781994899479
"(c) 8 beams, γ = 0.25",δ = 1,104,5.482485399328132
"(c) 8 beams, γ = 0.25",δ = 1,106,5.558373591360343
"(c) 8 beams, γ = 0.25",δ = 1,108,5.651111111111112
"(c) 8 beams, γ = 0.25",δ = 1,110,5.718405796066318
"(c) 8 beams, γ = 0.25",δ = 1,112,5.784956270156158
"(c) 8 beams, γ = 0.25",δ = 1,114,5.8464600175526815
"(c) 8 beams, γ = 0.25",δ = 1,116,5.900907391747224
"(c) 8 beams, γ = 0.25",δ = 1,118,5.961236742725863
"(c) 8 beams, γ = 0.25",δ = 1,120,5.999894813892804
"(c) 8 beams, γ = 0.25",δ = 1,122,6.0362362970546295
"(c) 8 beams, γ = 0.25",δ = 1,124,6.091054254846516
"(c) 8 beams, γ = 0.25",δ = 1,126,6.141273328491257
"(c) 8 beams, γ = 0.25",δ = 1,128,6.205374015050719
"(c) 8 beams, γ = 0.25",δ = 1,130,6.260754767311227
"(c) 8 beams, γ = 0.25",δ = 1,132,6.315657631088889
"(c) 8 beams, γ = 0.25",δ = 1,134,6.364109564366698
"(c) 8 beams, γ = 0.25",δ = 1,136,6.412195488316942
"(c) 8 beams, γ = 0.25",δ = 1,138,6.465821250579422
"(c) 8 beams, γ = 0.25",δ = 1,140,6.536578688609275
"(c) 8 beams, γ = 0.25",δ = 1,142,6.591159536648973
"(c) 8 beams, γ = 0.25",δ = 1,144,6.633754592988799
"(c) 8 beams, γ = 0.25",δ = 1,146,6.693281303805493
"(c) 8 beams, γ = 0.25",δ = 1,148,6.7655981937238145
"(c) 8 beams, γ = 0.25",δ = 1,150,6.801424425973005
"(c) 8 beams, γ = 0.25",δ = 1,152,6.872666685386471
"(c) 8 beams, γ = 0.25",δ = 1,154,6.928385430627014
"(c) 8 beams, γ = 0.25",δ = 1,156,6.996618475054223
"(c) 8 beams, γ = 0.25",δ = 1,158,7.033034528817864
"(c) 8 beams, γ = 0.25",δ = 1,160,7.082052668541799
"(c) 8 beams, γ = 0.25",δ = 1,162,7.114406875150254
"(c) 8 beams, γ = 0.25",δ = 1,164,7.184503649030099
"(c) 8 beams, γ = 0.25",δ = 1,166,7.246846482142628
"(c) 8 beams, γ = 0.25",δ = 1,168,7.298013645821936
"(c) 8 beams, γ = 0.25",δ = 1,170,7.33997617135631
"(c) 8 beams, γ = 0.25",δ = 1,172,7.386983104071984
"(c) 8 beams, γ = 0.25",δ = 1,174,7.437196357174687
"(c) 8 beams, γ = 0.25",δ = 1,176,7.478376099856779
"(c) 8 beams, γ = 0.25",δ = 1,178,7.519330594159938
"(c) 8 beams, γ = 0.25",δ = 1,180,7.563506143660175
"(c) 8 beams, γ = 0.25",δ = 1,182,7.60229018896386
"(c) 8 beams, γ = 0.25",δ = 1,184,7.654498724582667
"(c) 8 beams, γ = 0.25",δ = 1,186,7.696207696211543
"(c) 8 beams, γ = 0.25",δ = 1,188,7.737691850759178
"(c) 8 beams, γ = 0.25",δ = 1,190,7.7973843567582035
"(c) 8 beams, γ = 0.25",δ = 1,192,7.845
"(c) 8 beams, γ = 0.25",δ = 1,194,7.864147013339889
"(c) 8 beams, γ = 0.25",δ = 1,196,7.916296976688613
"(c) 8 beams, γ = 0.25",δ = 1,198,7.9582751967837915
"(c) 8 beams, γ = 0.25",δ = 1,200,8.019629417872126
"(c) 8 beams, γ = 0.25",δ = 2,2,1.3063945294843615
"(c) 8 beams, γ = 0.25",δ = 2,4,1.9398969044771426
"(c) 8 beams, γ = 0.25",δ = 2,6,2.407305752839535
"(c) 8 beams, γ = 0.25",δ = 2,8,2.8740679648655956
"(c) 8 beams, γ = 0.25",δ = 2,10,3.325284504675808
"(c) 8 beams, γ = 0.25",δ = 2,12,3.622222222222222
"(c) 8 beams, γ = 0.25",δ = 2,14,3.9007886870416844
"(c) 8 beams, γ = 0.25",δ = 2,16,4.156921938165306
"(c) 8 beams, γ = 0.25",δ = 2,18,4.39093716854466
"(c) 8 beams, γ = 0.25",δ = 2,20,4.675121230355265
"(c) 8 beams, γ = 0.25",δ = 2,22,4.930224518692207
"(c) 8 beams, γ = 0.25",δ = 2,24,5.160308154259162
"(c) 8 beams, γ = 0.25",δ = 2,26,5.395677493377046
"(c) 8 beams, γ = 0.25",δ = 2,28,5.635840711828231
"(c) 8 beams, γ = 0.25",δ = 2,30,5.810158154282701
"(c) 8 beams, γ = 0.25",δ = 2,32,6.025744767246618
"(c) 8 beams, γ = 0.25",δ = 2,34,6.212845782997639
"(c) 8 beams, γ = 0.25",δ = 2,36,6.404738986210249
"(c) 8 beams, γ = 0.25",δ = 2,38,6.586071427042472
"(c) 8 beams, γ = 0.25",δ = 2,40,6.772285133241653
"(c) 8 beams, γ = 0.25",δ = 2,42,6.96304622262503
"(c) 8 beams, γ = 0.25",δ = 2,44,7.1418259650090965
"(c) 8 beams, γ = 0.25",δ = 2,46,7.338966303848093
"(c) 8 beams, γ = 0.25",δ = 2,48,7.48888888888889
"(c) 8 beams, γ = 0.25",δ = 2,50,7.675067860720627
"(c) 8 beams, γ = 0.25",δ = 2,52,7.837739368246333
"(c) 8 beams, γ = 0.25",δ = 2,54,8.011781722244022
"(c) 8 beams, γ = 0.25",δ = 2,56,8.173962791991881
"(c) 8 beams, γ = 0.25",δ = 2,58,8.363337616762461
"(c) 8 beams, γ = 0.25",δ = 2,60,8.520909706259197
"(c) 8 beams, γ = 0.25",δ = 2,62,8.699106863066678
"(c) 8 beams, γ = 0.25",δ = 2,64,8.866175633855356
"(c) 8 beams, γ = 0.25",δ = 2,66,9.005598258860985
"(c) 8 beams, γ = 0.25",δ = 2,68,9.154097669319107
"(c) 8 beams, γ = 0.25",δ = 2,70,9.31864531335915
"(c) 8 beams, γ = 0.25",δ = 2,72,9.451401533450056
"(c) 8 beams, γ = 0.25",δ = 2,74,9.59663671482026
"(c) 8 beams, γ = 0.25",δ = 2,76,9.727365630285682
"(c) 8 beams, γ = 0.25",δ = 2,78,9.88948297456816
"(c) 8 beams, γ = 0.25",δ = 2,80,10.037051507437976
"(c) 8 beams, γ = 0.25",δ = 2,82,10.179124749627217
"(c) 8 beams, γ = 0.25",δ = 2,84,10.347827349941507
"(c) 8 beams, γ = 0.25",δ = 2,86,10.487446447481997
"(c) 8 beams, γ = 0.25",δ = 2,88,10.623616281456277
"(c) 8 beams, γ = 0.25",δ = 2,90,10.769442641790466
"(c) 8 beams, γ = 0.25",δ = 2,92,10.918194302525361
"(c) 8 beams, γ = 0.25",δ = 2,94,11.061847023642486
"(c) 8 beams, γ = 0.25",δ = 2,96,11.202142762397552
"(c) 8 beams, γ = 0.25",δ = 2,98,11.312754532701483
"(c) 8 beams, γ = 0.25",δ = 2,100,11.440772934261622
"(c) 8 beams, γ = 0.25",δ = 2,102,11.578060036954263
"(c) 8 beams, γ = 0.25",δ = 2,104,11.719822154752661
"(c) 8 beams, γ = 0.25",δ = 2,106,11.864443388176745
"(c) 8 beams, γ = 0.25",δ = 2,108,11.995555555555555
"(c) 8 beams, γ = 0.25",δ = 2,110,12.115005271450473
"(c) 8 beams, γ = 0.25",δ = 2,112,12.234749712564641
"(c) 8 beams, γ = 0.25",δ = 2,114,12.369203115197166
"(c) 8 beams, γ = 0.25",δ = 2,116,12.503691122968254
"(c) 8 beams, γ = 0.25",δ = 2,118,12.624045570009336
"(c) 8 beams, γ = 0.25",δ = 2,120,12.74608715558535
"(c) 8 beams, γ = 0.25",δ = 2,122,12.858625987837192
"(c) 8 beams, γ = 0.25",δ = 2,124,12.977104808986363
"(c) 8 beams, γ = 0.25",δ = 2,126,13.12744322210828
"(c) 8 beams, γ = 0.25",δ = 2,128,13.217718817585007
"(c) 8 beams, γ = 0.25",δ = 2,130,13.341153262382171
"(c) 8 beams, γ = 0.25",δ = 2,132,13.463486573212405
"(c) 8 beams, γ = 0.25",δ = 2,134,13.5780970830971
"(c) 8 beams, γ = 0.25",δ = 2,136,13.716843962036862
"(c) 8 beams, γ = 0.25",δ = 2,138,13.843816736570473
"(c) 8 beams, γ = 0.25",δ = 2,140,13.95406984306676
"(c) 8 beams, γ = 0.25",δ = 2,142,14.068633969336593
"(c) 8 beams, γ = 0.25",δ = 2,144,14.186137614288203
"(c) 8 beams, γ = 0.25",δ = 2,146,14.30652245938094
"(c) 8 beams, γ = 0.25",δ = 2,148,14.436060343398342
"(c) 8 beams, γ = 0.25",δ = 2,150,14.546914972250185
"(c) 8 beams, γ = 0.25",δ = 2,152,14.660689903958785
"(c) 8 beams, γ = 0.25",δ = 2,154,14.767404741830669
"(c) 8 beams, γ = 0.25",δ = 2,156,14.870895927247032
"(c) 8 beams, γ = 0.25",δ = 2,158,14.984699481984977
"(c) 8 beams, γ = 0.25",δ = 2,160,15.09401652360348
"(c) 8 beams, γ = 0.25",δ = 2,162,15.201351900027754
"(c) 8 beams, γ = 0.25",δ = 2,164,15.307945944293884
"(c) 8 beams, γ = 0.25",δ = 2,166,15.423373327564496
"(c) 8 beams, γ = 0.25",δ = 2,168,15.529659896724606
"(c) 8 beams, γ = 0.25",δ = 2,170,15.63051231985899
"(c) 8 beams, γ = 0.25",δ = 2,172,15.733070728768013
"(c) 8 beams, γ = 0.25",δ = 2,174,15.836139387028584
"(c) 8 beams, γ = 0.25",δ = 2,176,15.940871214716438
"(c) 8 beams, γ = 0.25",δ = 2,178,16.05070123299119
"(c) 8 beams, γ = 0.25",δ = 2,180,16.156365194445698
"(c) 8 beams, γ = 0.25",δ = 2,182,16.257933803494574
"(c) 8 beams, γ = 0.25",δ = 2,184,16.350935442814045
"(c) 8 beams, γ = 0.25",δ = 2,186,16.46034534924247
"(c) 8 beams, γ = 0.25",δ = 2,188,16.558952506623935
"(c) 8 beams, γ = 0.25",δ = 2,190,16.656982224944148
"(c) 8 beams, γ = 0.25",δ = 2,192,16.76222222222222
"(c) 8 beams, γ = 0.25",δ = 2,194,16.856875669890123
"(c) 8 beams, γ = 0.25",δ = 2,196,16.947704759012044
"(c) 8 beams, γ = 0.25",δ = 2,198,17.045709670817995
"(c) 8 beams, γ = 0.25",δ = 2,200,17.151871510021767
"(c) 8 beams, γ = 0.25",δ = 5,2,2.2208707001234154
"(c) 8 beams, γ = 0.25",δ = 5,4,3.2562555182294886
"(c) 8 beams, γ = 0.25",δ = 5,6,4.016366517139589
"(c) 8 beams, γ = 0.25",δ = 5,8,4.678525408715871
"(c) 8 beams, γ = 0.25",δ = 5,10,5.250833584616192
"(c) 8 beams, γ = 0.25",δ = 5,12,5.773333333333333
"(c) 8 beams, γ = 0.25",δ = 5,14,6.24619960646548
"(c) 8 beams, γ = 0.25",δ = 5,16,6.697263122599658
"(c) 8 beams, γ = 0.25",δ = 5,18,7.1198501856897725
"(c) 8 beams, γ = 0.25",δ = 5,20,7.51358769164239
"(c) 8 beams, γ = 0.25",δ = 5,22,7.872931763038119
"(c) 8 beams, γ = 0.25",δ = 5,24,8.230722933011412
"(c) 8 beams, γ = 0.25",δ = 5,26,8.582659918816034
"(c) 8 beams, γ = 0.25",δ = 5,28,8.92074735284737
"(c) 8 beams, γ = 0.25",δ = 5,30,9.238067137905226
"(c) 8 beams, γ = 0.25",δ = 5,32,9.54484503104512
"(c) 8 beams, γ = 0.25",δ = 5,34,9.853948347703863
"(c) 8 beams, γ = 0.25",δ = 5,36,10.145968730559025
"(c) 8 beams, γ = 0.25",δ = 5,38,10.429819597773742
"(c) 8 beams, γ = 0.25",δ = 5,40,10.702498773650946
"(c) 8 beams, γ = 0.25",δ = 5,42,10.9648378848604
"(c) 8 beams, γ = 0.25",δ = 5,44,11.234971915380738
"(c) 8 beams, γ = 0.25",δ = 5,46,11.495368191366142
"(c) 8 beams, γ = 0.25",δ = 5,48,11.746666666666668
"(c) 8 beams, γ = 0.25",δ = 5,50,11.992701780666442
"(c) 8 beams, γ = 0.25",δ = 5,52,12.236993513784757
"(c) 8 beams, γ = 0.25",δ = 5,54,12.470220923325428
"(c) 8 beams, γ = 0.25",δ = 5,56,12.708423902877891
"(c) 8 beams, γ = 0.25",δ = 5,58,12.942249799979038
"(c) 8 beams, γ = 0.25",δ = 5,60,13.168949675488761
"(c) 8 beams, γ = 0.25",δ = 5,62,13.388881601449556
"(c) 8 beams, γ = 0.25",δ = 5,64,13.611032596145426
"(c) 8 beams, γ = 0.25",δ = 5,66,13.829619800933934
"(c) 8 beams, γ = 0.25",δ = 5,68,14.036407562296771
"(c) 8 beams, γ = 0.25",δ = 5,70,14.245713407063565
"(c) 8 beams, γ = 0.25",δ = 5,72,14.451989482420752
"(c) 8 beams, γ = 0.25",δ = 5,74,14.64999437321172
"(c) 8 beams, γ = 0.25",δ = 5,76,14.853305852127408
"(c) 8 beams, γ = 0.25",δ = 5,78,15.051259651405164
"(c) 8 beams, γ = 0.25",δ = 5,80,15.246644439569868
"(c) 8 beams, γ = 0.25",δ = 5,82,15.442107990394051
"(c) 8 beams, γ = 0.25",δ = 5,84,15.630090840508247
"(c) 8 beams, γ = 0.25",δ = 5,86,15.82082015533951
"(c) 8 beams, γ = 0.25",δ = 5,88,16.001893827313253
"(c) 8 beams, γ = 0.25",δ = 5,90,16.18581015489711
"(c) 8 beams, γ = 0.25",δ = 5,92,16.370068302602895
"(c) 8 beams, γ = 0.25",δ = 5,94,16.549895159403096
"(c) 8 beams, γ = 0.25",δ = 5,96,16.730146442873714
"(c) 8 beams, γ = 0.25",δ = 5,98,16.90847776732616
"(c) 8 beams, γ = 0.25",δ = 5,100,17.082639764782645
"(c) 8 beams, γ = 0.25",δ = 5,102,17.25733096094019
"(c) 8 beams, γ = 0.25",δ = 5,104,17.430272663621903
"(c) 8 beams, γ = 0.25",δ = 5,106,17.599273284024722
"(c) 8 beams, γ = 0.25",δ = 5,108,17.76888888888889
"(c) 8 beams, γ = 0.25",δ = 5,110,17.934699733908417
"(c) 8 beams, γ = 0.25",δ = 5,112,18.10117399507557
"(c) 8 beams, γ = 0.25",δ = 5,114,18.263969067042115
"(c) 8 beams, γ = 0.25",δ = 5,116,18.427470248792023
"(c) 8 beams, γ = 0.25",δ = 5,118,18.585282312735202
"(c) 8 beams, γ = 0.25",δ = 5,120,18.745981969478155
"(c) 8 beams, γ = 0.25",δ = 5,122,18.905316452361607
"(c) 8 beams, γ = 0.25",δ = 5,124,19.06331995592414
"(c) 8 beams, γ = 0.25",δ = 5,126,19.21796789327867
"(c) 8 beams, γ = 0.25",δ = 5,128,19.373422623962625
"(c) 8 beams, γ = 0.25",δ = 5,130,19.527640476107262
"(c) 8 beams, γ = 0.25",δ = 5,132,19.678640422775377
"(c) 8 beams, γ = 0.25",δ = 5,134,19.83048560181974
"(c) 8 beams, γ = 0.25",δ = 5,136,19.98117741726929
"(c) 8 beams, γ = 0.25",δ = 5,138,20.130741747015286
"(c) 8 beams, γ = 0.25",δ = 5,140,20.27725171572462
"(c) 8 beams, γ = 0.25",δ = 5,142,20.42077272498389
"(c) 8 beams, γ = 0.25",δ = 5,144,20.56714108943177
"(c) 8 beams, γ = 0.25",δ = 5,146,20.710564308405573
"(c) 8 beams, γ = 0.25",δ = 5,148,20.854899482673915
"(c) 8 beams, γ = 0.25",δ = 5,150,20.99635735603255
"(c) 8 beams, γ = 0.25",δ = 5,152,21.134995424152507
"(c) 8 beams, γ = 0.25",δ = 5,154,21.276451954971435
"(c) 8 beams, γ = 0.25",δ = 5,156,21.4169745762561
"(c) 8 beams, γ = 0.25",δ = 5,158,21.556581537779522
"(c) 8 beams, γ = 0.25",δ = 5,160,21.693464760921273
"(c) 8 beams, γ = 0.25",δ = 5,162,21.831304137160895
"(c) 8 beams, γ = 0.25",δ = 5,164,21.96827897903732
"(c) 8 beams, γ = 0.25",δ = 5,166,22.099028018386456
"(c) 8 beams, γ = 0.25",δ = 5,168,22.232571843888213
"(c) 8 beams, γ = 0.25",δ = 5,170,22.367089549200642
"(c) 8 beams, γ = 0.25",δ = 5,172,22.500803362057646
"(c) 8 beams, γ = 0.25",δ = 5,174,22.63372752013991
"(c) 8 beams, γ = 0.25",δ = 5,176,22.76587584588616
"(c) 8 beams, γ = 0.25",δ = 5,178,22.89553079395799
"(c) 8 beams, γ = 0.25",δ = 5,180,23.02445566172017
"(c) 8 beams, γ = 0.25",δ = 5,182,23.152662644840394
"(c) 8 beams, γ = 0.25",δ = 5,184,23.280163603190264
"(c) 8 beams, γ = 0.25",δ = 5,186,23.408663408675125
"(c) 8 beams, γ = 0.25",δ = 5,188,23.534777586124928
"(c) 8 beams, γ = 0.25",δ = 5,190,23.660219571581294
"(c) 8 beams, γ = 0.25",δ = 5,192,23.785
"(c) 8 beams, γ = 0.25",δ = 5,194,23.91078728217891
"(c) 8 beams, γ = 0.25",δ = 5,196,24.03591649246296
"(c) 8 beams, γ = 0.25",δ = 5,198,24.160397849423422
"(c) 8 beams, γ = 0.25",δ = 5,200,24.28260831679057
"(c) 8 beams, γ = 0.25",δ = 10,2,2.433159811164624
"(c) 8 beams, γ = 0.25",δ = 10,4,3.4525546097539617
"(c) 8 beams, γ = 0.25",δ = 10,6,4.2332125967034635
"(c) 8 beams, γ = 0.25",δ = 10,8,4.89081451975708
"(c) 8 beams, γ = 0.25",δ = 10,10,5.469922607618257
"(c) 8 beams, γ = 0.25",δ = 10,12,5.993333333333334
"(c) 8 beams, γ = 0.25",δ = 10,14,6.474568564409376
"(c) 8 beams, γ = 0.25",δ = 10,16,6.922429727583611
"(c) 8 beams, γ = 0.25",δ = 10,18,7.343025917810016
"(c) 8 beams, γ = 0.25",δ = 10,20,7.7408027146198926
"(c) 8 beams, γ = 0.25",δ = 10,22,8.119114744996784
"(c) 8 beams, γ = 0.25",δ = 10,24,8.480567329030658
"(c) 8 beams, γ = 0.25",δ = 10,26,8.827231758191266
"(c) 8 beams, γ = 0.25",δ = 10,28,9.160787032106962
"(c) 8 beams, γ = 0.25",δ = 10,30,9.482616610291581
"(c) 8 beams, γ = 0.25",δ = 10,32,9.793876488228078
"(c) 8 beams, γ = 0.25",δ = 10,34,10.095544348190172
"(c) 8 beams, γ = 0.25",δ = 10,36,10.388455843618667
"(c) 8 beams, γ = 0.25",δ = 10,38,10.673331908784984
"(c) 8 beams, γ = 0.25",δ = 10,40,10.95079966638662
"(c) 8 beams, γ = 0.25",δ = 10,42,11.221408677096324
"(c) 8 beams, γ = 0.25",δ = 10,44,11.485643739956945
"(c) 8 beams, γ = 0.25",δ = 10,46,11.743935098347698
"(c) 8 beams, γ = 0.25",δ = 10,48,11.996666666666668
"(c) 8 beams, γ = 0.25",δ = 10,50,12.244182727592179
"(c) 8 beams, γ = 0.25",δ = 10,52,12.486793433720695
"(c) 8 beams, γ = 0.25",δ = 10,54,12.724779364552587
"(c) 8 beams, γ = 0.25",δ = 10,56,12.958395329816476
"(c) 8 beams, γ = 0.25",δ = 10,58,13.187873566098599
"(c) 8 beams, γ = 0.25",δ = 10,60,13.413426441028736
"(c) 8 beams, γ = 0.25",δ = 10,62,13.635248754685431
"(c) 8 beams, γ = 0.25",δ = 10,64,13.853519709205068
"(c) 8 beams, γ = 0.25",δ = 10,66,14.068404603252215
"(c) 8 beams, γ = 0.25",δ = 10,68,14.280056296917651
"(c) 8 beams, γ = 0.25",δ = 10,70,14.488616483952073
"(c) 8 beams, γ = 0.25",δ = 10,72,14.694216801429311
"(c) 8 beams, γ = 0.25",δ = 10,74,14.89697980153048
"(c) 8 beams, γ = 0.25",δ = 10,76,15.097019805827376
"(c) 8 beams, γ = 0.25",δ = 10,78,15.294443658976512
"(c) 8 beams, γ = 0.25",δ = 10,80,15.489351395932198
"(c) 8 beams, γ = 0.25",δ = 10,82,15.681836834505871
"(c) 8 beams, γ = 0.25",δ = 10,84,15.871988103234152
"(c) 8 beams, γ = 0.25",δ = 10,86,16.05988811298355
"(c) 8 beams, γ = 0.25",δ = 10,88,16.245614979452327
"(c) 8 beams, γ = 0.25",δ = 10,90,16.429242402677183
"(c) 8 beams, γ = 0.25",δ = 10,92,16.61084000877443
"(c) 8 beams, γ = 0.25",δ = 10,94,16.790473658409965
"(c) 8 beams, γ = 0.25",δ = 10,96,16.96820572587318
"(c) 8 beams, γ = 0.25",δ = 10,98,17.144095352108163
"(c) 8 beams, γ = 0.25",δ = 10,100,17.318198674612013
"(c) 8 beams, γ = 0.25",δ = 10,102,17.490569036734
"(c) 8 beams, γ = 0.25",δ = 10,104,17.661257178587398
"(c) 8 beams, γ = 0.25",δ = 10,106,17.830311411510642
"(c) 8 beams, γ = 0.25",δ = 10,108,17.997777777777777
"(c) 8 beams, γ = 0.25",δ = 10,110,18.163700197054705
"(c) 8 beams, γ = 0.25",δ = 10,112,18.328120600921
"(c) 8 beams, γ = 0.25",δ = 10,114,18.491079056625182
"(c) 8 beams, γ = 0.25",δ = 10,116,18.65261388110796
"(c) 8 beams, γ = 0.25",δ = 10,118,18.812761746212974
"(c) 8 beams, γ = 0.25",δ = 10,120,18.971557775903502
"(c) 8 beams, γ = 0.25",δ = 10,122,19.129035636215036
"(c) 8 beams, γ = 0.25",δ = 10,124,19.28522761859645
"(c) 8 beams, γ = 0.25",δ = 10,126,19.440164717224082
"(c) 8 beams, γ = 0.25",δ = 10,128,19.593876700813112
"(c) 8 beams, γ = 0.25",δ = 10,130,19.746392179397336
"(c) 8 beams, γ = 0.25",δ = 10,132,19.897738666501887
"(c) 8 beams, γ = 0.25",δ = 10,134,20.0479426370912
"(c) 8 beams, γ = 0.25",δ = 10,136,20.197029581638205
"(c) 8 beams, γ = 0.25",δ = 10,138,20.345024056627068
"(c) 8 beams, γ = 0.25",δ = 10,140,20.491949731773296
"(c) 8 beams, γ = 0.25",δ = 10,142,20.637829434217842
"(c) 8 beams, γ = 0.25",δ = 10,144,20.78268518992923
"(c) 8 beams, γ = 0.25",δ = 10,146,20.926538262526083
"(c) 8 beams, γ = 0.25",δ = 10,148,21.06940918971398
"(c) 8 beams, γ = 0.25",δ = 10,150,21.211317817513258
"(c) 8 beams, γ = 0.25",δ = 10,152,21.352283332439466
"(c) 8 beams, γ = 0.25",δ = 10,154,21.49232429178388
"(c) 8 beams, γ = 0.25",δ = 10,156,21.63145865212985
"(c) 8 beams, γ = 0.25",δ = 10,158,21.76970379622854
"(c) 8 beams, γ = 0.25",δ = 10,160,21.90707655834829
"(c) 8 beams, γ = 0.25",δ = 10,162,22.043593248202114
"(c) 8 beams, γ = 0.25",δ = 10,164,22.1792696735495
"(c) 8 beams, γ = 0.25",δ = 10,166,22.3141211615616
"(c) 8 beams, γ = 0.25",δ = 10,168,22.4481625790309
"(c) 8 beams, γ = 0.25",δ = 10,170,22.581408351501345
"(c) 8 beams, γ = 0.25",δ = 10,172,22.713872481388453
"(c) 8 beams, γ = 0.25",δ = 10,174,22.845568565153588
"(c) 8 beams, γ = 0.25",δ = 10,176,22.976509809592564
"(c) 8 beams, γ = 0.25",δ = 10,178,23.10670904729305
"(c) 8 beams, γ = 0.25",δ = 10,180,23.236178751312845
"(c) 8 beams, γ = 0.25",δ = 10,182,23.364931049125808
"(c) 8 beams, γ = 0.25",δ = 10,184,23.49297773587995
"(c) 8 beams, γ = 0.25",δ = 10,186,23.620330287008773
"(c) 8 beams, γ = 0.25",δ = 10,188,23.746999870233694
"(c) 8 beams, γ = 0.25",δ = 10,190,23.872997356993473
"(c) 8 beams, γ = 0.25",δ = 10,192,23.998333333333335
"(c) 8 beams, γ = 0.25",δ = 10,194,24.123018110285066
"(c) 8 beams, γ = 0.25",δ = 10,196,24.247061733766596
"(c) 8 beams, γ = 0.25",δ = 10,198,24.370473994028153
"(c) 8 beams, γ = 0.25",δ = 10,200,24.49326443466993
