config,gamma,delta,generated,kept,kept_share,kept_lo,kept_hi,ended_before_50,ended_lo,ended_hi
opt-news-m-d0,0.5,0.0,711,500,0.7032348804500703,0.6686354464918284,0.7356499224626366,0.05485232067510549,0.04038239186280058,0.07410674810890786
opt-news-m-d0.5-g0.25,0.25,0.5,144,100,0.6944444444444444,0.6149658933968346,0.7638178859994923,0.06944444444444445,0.03815472872177901,0.12310975975778289
opt-news-m-d0.5-g0.5,0.5,0.5,166,100,0.6024096385542169,0.5264534165129757,0.6737331102272341,0.06626506024096386,0.037400567775504975,0.11475061308948921
opt-news-m-d1-g0.1,0.1,1.0,139,100,0.7194244604316546,0.6396078607127861,0.7874386019423506,0.04316546762589928,0.01993069977488089,0.09097256650048986
opt-news-m-d1-g0.25,0.25,1.0,408,302,0.7401960784313726,0.6955430473168528,0.7803680796795459,0.0392156862745098,0.024280324033299033,0.06274730989197709
opt-news-m-d1-g0.5,0.5,1.0,514,301,0.585603112840467,0.5425338524592178,0.6274022824515348,0.122568093385214,0.09698388146766737,0.15375225097128695
opt-news-m-d1-g0.75,0.75,1.0,172,102,0.5930232558139535,0.5183492921279844,0.6636326734592259,0.10465116279069768,0.06722702717226192,0.15934961908209427
opt-news-m-d1-g0.9,0.9,1.0,141,100,0.7092198581560284,0.6295053831361012,0.7778361541018194,0.03546099290780142,0.015239951514497675,0.08032375394028879
opt-news-m-d10-g0.1,0.1,10.0,110,101,0.9181818181818182,0.8517805850797745,0.9563598486456827,0.02727272727272727,0.009317801045153465,0.07713214343911239
opt-news-m-d10-g0.25,0.25,10.0,114,101,0.8859649122807017,0.8146297223884994,0.9321354267608671,0.008771929824561403,0.0015501030386822767,0.04802152531666931
opt-news-m-d10-g0.5,0.5,10.0,297,101,0.3400673400673401,0.28853792910834075,0.3956812746188034,0.30976430976430974,0.2598852571488261,0.36450179570556634
opt-news-m-d10-g0.75,0.75,10.0,333,100,0.3003003003003003,0.25357214407015594,0.3515835136633306,0.36036036036036034,0.31065629180878834,0.41324954404996544
opt-news-m-d10-g0.9,0.9,10.0,137,101,0.7372262773722628,0.6577770435397969,0.8037343281004004,0.043795620437956206,0.020223886822615784,0.09225424463854343
opt-news-m-d2-g0.1,0.1,2.0,135,101,0.7481481481481481,0.6687522076226566,0.813812095871397,0.044444444444444446,0.020525829072354243,0.09357253914005473
opt-news-m-d2-g0.25,0.25,2.0,398,302,0.7587939698492462,0.7144171118077934,0.7982226945238556,0.02763819095477387,0.015501325831752632,0.04880660047552865
opt-news-m-d2-g0.5,0.5,2.0,1000,497,0.497,0.4660810695068221,0.5279418918846964,0.157,0.1357689609765772,0.18085629145368676
opt-news-m-d2-g0.75,0.75,2.0,216,102,0.4722222222222222,0.4067125298414967,0.5387027145890388,0.18981481481481483,0.1431133068877838,0.2473569225865287
opt-news-m-d2-g0.9,0.9,2.0,135,100,0.7407407407407407,0.6608811978439876,0.807278201068154,0.05185185185185185,0.025340849260581777,0.10316242353373925
opt-news-m-d5-g0.1,0.1,5.0,129,102,0.7906976744186046,0.7126020732447343,0.8519801058316995,0.031007751937984496,0.012122842184807997,0.077017908905212
opt-news-m-d5-g0.25,0.25,5.0,348,301,0.8649425287356322,0.8250225399786679,0.8968932312092757,0.022988505747126436,0.011693533820428741,0.04470002509926693
opt-news-m-d5-g0.5,0.5,5.0,958,335,0.3496868475991649,0.32014385965470604,0.38043053845824715,0.29436325678496866,0.2663699323043801,0.3239992095584795
opt-news-m-d5-g0.75,0.75,5.0,327,100,0.3058103975535168,0.2583649944373549,0.3577655042665567,0.3669724770642202,0.3165575093740489,0.4204767692656386
opt-news-m-d5-g0.9,0.9,5.0,127,100,0.7874015748031497,0.7083502720910047,0.8495762589205391,0.07086614173228346,0.037727631027679204,0.12920398705097466
