sampling,delta,gamma,count,FPR_z4,TNR_z4,TPR_z4,paper_TPR_z4,FNR_z4,FPR_z5,TPR_z5,paper_TPR_z5,FPR_z4_delta0,AUC,paper_AUC,AUC_delta0,PPL_mean,paper_PPL,PPL_median,TPR_z4_lo,TPR_z4_hi,TPR_z5_lo,TPR_z5_hi,FPR_z4_hi,paper_count,vs_paper_z4,vs_paper_z5
m-nom,1,0.5,300,0.0,1.0,0.7,0.767,0.30000000000000004,0.0,0.36666666666666664,0.504,0.002,0.9965083333333333,0.985,0.9947566666666666,5.71614274245826,5.4,5.659611370561256,0.6458814453011743,0.7490611826997313,0.3141405831655016,0.4225643315005612,0.003826898586390522,506,borderline,different
m-nom,1,0.25,300,0.0,1.0,0.7766666666666666,0.729,0.22333333333333338,0.0,0.5366666666666666,0.482,0.002,0.99165,0.989,0.9892633333333334,5.558784188560275,5.5,5.444754404075614,0.726207930343667,0.8201293717242524,0.4801310310375517,0.5922751174292809,0.003826898586390522,506,consistent,consistent
m-nom,2,0.5,497,0.0,1.0,0.9859154929577465,0.984,0.014084507042253502,0.0,0.9798792756539235,0.978,0.002,0.9985251509054326,0.998,0.9985593561368209,6.533034078609976,6.2,6.429701142955011,0.9712155945972027,0.9931611664386217,0.9633619953777356,0.9890349301172711,0.003826898586390522,507,consistent,consistent
m-nom,2,0.25,300,0.0,1.0,1.0,0.994,0.0,0.0,1.0,0.988,0.002,1.0,0.998,1.0,6.687497684073213,6.6,6.731248005502383,0.9873565700022643,0.9999999999999999,0.9873565700022643,0.9999999999999999,0.003826898586390522,505,consistent,consistent
m-nom,5,0.5,300,0.0,1.0,1.0,0.996,0.0,0.0,1.0,0.992,0.002,1.0,1.0,1.0,9.23310342218858,9.1,9.328433082839608,0.9873565700022643,0.9999999999999999,0.9873565700022643,0.9999999999999999,0.003826898586390522,504,consistent,consistent
m-nom,5,0.25,300,0.0,1.0,1.0,1.0,0.0,0.0,1.0,0.998,0.002,1.0,1.0,1.0,12.398697063508957,10.7,12.420234436100937,0.9873565700022643,0.9999999999999999,0.9873565700022643,0.9999999999999999,0.003826898586390522,503,consistent,consistent
8-beams,1,0.5,100,0.0,1.0,0.85,0.873,0.15000000000000002,0.0,0.75,0.812,0.002,0.990745,0.987,0.99038,1.5738931691860107,1.2,1.4466354924297145,0.7671626666784216,0.906940968088377,0.6569535362992417,0.8245490599627573,0.003826898586390522,495,consistent,consistent
8-beams,1,0.25,100,0.0,1.0,0.82,0.819,0.18000000000000005,0.0,0.75,0.77,0.002,0.985985,0.977,0.98365,1.5346959721584448,1.2,1.4262984122493996,0.7333246397578691,0.8829986834574896,0.6569535362992417,0.8245490599627573,0.003826898586390522,496,consistent,consistent
8-beams,2,0.5,150,0.0,1.0,0.9933333333333333,0.992,0.00666666666666671,0.0,0.9866666666666667,0.984,0.002,0.9999333333333333,0.999,0.9998333333333334,1.629002770967598,1.2,1.5630020675860838,0.9632062470660241,0.9988222289768665,0.9526921436197238,0.9963359476117768,0.003826898586390522,496,consistent,consistent
8-beams,2,0.25,150,0.0,1.0,0.9933333333333333,0.994,0.00666666666666671,0.0,0.9866666666666667,0.99,0.002,0.99794,1.0,0.9982,1.697402431597626,1.3,1.622555998895467,0.9632062470660241,0.9988222289768665,0.9526921436197238,0.9963359476117768,0.003826898586390522,496,consistent,consistent
8-beams,5,0.5,100,0.0,1.0,1.0,1.0,0.0,0.0,1.0,1.0,0.002,1.0,1.0,1.0,1.738714553939412,1.2,1.5831216615587065,0.9630051925239981,0.9999999999999999,0.9630051925239981,0.9999999999999999,0.003826898586390522,496,consistent,consistent
8-beams,5,0.25,100,0.0,1.0,1.0,1.0,0.0,0.0,1.0,1.0,0.002,1.0,1.0,1.0,1.6786056114783332,1.3,1.5720095115897612,0.9630051925239981,0.9999999999999999,0.9630051925239981,0.9999999999999999,0.003826898586390522,496,consistent,consistent
