sampling,eps,count,TPR_z4,paper_TPR_z4,TPR_z5,paper_TPR_z5,AUC,paper_AUC,PPL_mean,paper_PPL,tokens_after,words_replaced,TPR_z4_lo,TPR_z4_hi,TPR_z5_lo,TPR_z5_hi,vs_paper_z4,vs_paper_z5
"m-nom, multi-word T5",0.0,200,1.0,0.984,0.985,0.977,1.0,0.998,6.552593645442535,6.3,199.945,0.0,0.9811539940816791,1.0,0.9568335194437211,0.9948858548155076,consistent,consistent
"m-nom, multi-word T5",0.1,200,0.955,0.819,0.89,0.577,0.999955,0.988,8.05266320688883,13.1,231.595,20.0,0.9167024063390322,0.9761477282752958,0.8390720169908702,0.9262280983928396,different,different
"m-nom, multi-word T5",0.3,200,0.495,0.353,0.295,0.127,0.99172,0.954,9.917524153247207,21.2,294.69,60.0,0.4264572195415849,0.5637312405175983,0.23613844271901735,0.3615884197074943,different,different
"m-nom, single-word T5",0.0,100,1.0,0.984,0.98,0.977,1.0,0.998,6.713868448585133,6.3,199.95,0.0,0.9630051925239981,0.9999999999999999,0.9299868370580063,0.9944981477650318,consistent,consistent
"m-nom, single-word T5",0.1,100,0.99,0.819,0.87,0.577,0.99998,0.988,9.243456677407481,13.1,200.77,20.0,0.9455124752390653,0.9982326134344526,0.7901947810519012,0.9224290614158575,different,different
"m-nom, single-word T5",0.3,100,0.24,0.353,0.09,0.127,0.99604,0.954,16.03995328734918,21.2,202.28,59.97,0.16691211265459965,0.3323251872329213,0.04807199516388488,0.16226374696643667,borderline,consistent
"m-nom, single-word T5",0.5,100,0.02,0.094,0.0,0.029,0.868135,0.838,24.79221860129293,28.4,205.51,99.87,0.005501852234968185,0.07001316294199365,0.0,0.03699480747600191,different,consistent
"m-nom, single-word T5",0.7,100,0.01,0.039,0.0,0.012,0.6521199999999999,0.696,33.472953991283724,33.9,209.87,130.41,0.0017673865655472645,0.0544875247609346,0.0,0.03699480747600191,consistent,consistent
beams,0.0,150,0.9933333333333333,0.998,0.9866666666666667,0.998,0.9999333333333333,,1.632374763564682,,199.79333333333332,0.0,0.9632062470660241,0.9988222289768665,0.9526921436197238,0.9963359476117768,consistent,borderline
